{"stats":{"minecraft:crafted":{"minecraft:crafting_table":1,"minecraft:wooden_pickaxe":1,"minecraft:birch_planks":12,"minecraft:stone_axe":1,"minecraft:bread":2,"minecraft:stick":12,"minecraft:stone_pickaxe":1,"minecraft:wooden_axe":1,"minecraft:dark_oak_planks":28,"minecraft:torch":4},"minecraft:used":{"minecraft:diorite":2,"minecraft:leather_leggings":1,"minecraft:stone_pickaxe":64,"minecraft:waxed_oxidized_cut_copper":3,"minecraft:wooden_pickaxe":9,"minecraft:golden_apple":1,"minecraft:torch":4,"minecraft:dirt":1,"minecraft:crafting_table":3,"minecraft:ochre_froglight":1,"minecraft:mud_brick_stairs":1,"minecraft:dark_oak_planks":30,"born_in_chaos_v1:corpse_maggot":1,"minecraft:wooden_axe":21,"born_in_chaos_v1:smoked_flesh":4,"minecraft:bread":2,"minecraft:packed_mud":1,"minecraft:iron_boots":1,"minecraft:mud_bricks":5,"minecraft:golden_helmet":1,"minecraft:stone_axe":29,"minecraft:golden_carrot":1,"minecraft:cobblestone":19,"minecraft:potato":3,"minecraft:chainmail_leggings":1},"minecraft:mined":{"minecraft:dark_oak_planks":7,"minecraft:waxed_cut_copper_slab":1,"iceandfire:silver_ore":5,"minecraft:dark_oak_leaves":10,"minecraft:black_terracotta":2,"minecraft:dark_oak_log":7,"minecraft:brewing_stand":1,"minecraft:crafting_table":2,"minecraft:torch":1,"gravestone:gravestone":2,"minecraft:dark_oak_fence":2,"minecraft:mud_brick_stairs":1,"minecraft:lectern":2,"minecraft:cobblestone":2,"minecraft:mud_brick_wall":1,"minecraft:mud_bricks":5,"minecraft:diorite":2,"minecraft:waxed_oxidized_cut_copper":3,"minecraft:packed_mud":1,"minecraft:birch_log":3,"minecraft:iron_ore":3,"minecraft:mangrove_button":1,"minecraft:anvil":1,"minecraft:bookshelf":11,"minecraft:coal_ore":11,"minecraft:ochre_froglight":1,"minecraft:dirt":1,"minecraft:lodestone":1,"minecraft:stone":23,"minecraft:smithing_table":1},"minecraft:picked_up":{"minecraft:birch_log":3,"born_in_chaos_v1:corpse_maggot":1,"minecraft:waxed_oxidized_cut_copper":3,"minecraft:crafting_table":2,"minecraft:mud_bricks":5,"minecraft:anvil":1,"minecraft:smithing_table":1,"minecraft:mud_brick_stairs":1,"minecraft:ochre_froglight":1,"minecraft:packed_mud":1,"minecraft:brewing_stand":1,"skilltree:gem":5,"minecraft:dirt":1,"minecraft:waxed_cut_copper_slab":1,"minecraft:lectern":2,"minecraft:book":30,"minecraft:black_terracotta":2,"minecraft:raw_iron":3,"minecraft:glow_item_frame":1,"minecraft:torch":1,"minecraft:mud_brick_wall":1,"minecraft:diorite":2,"minecraft:dark_oak_log":7,"minecraft:goat_horn":1,"minecraft:dark_oak_planks":7,"minecraft:rotten_flesh":2,"minecraft:stone_axe":1,"minecraft:lever":5,"minecraft:golden_apple":1,"minecraft:spruce_sign":2,"minecraft:lodestone":1,"minecraft:mangrove_button":1,"minecraft:dark_oak_fence":2,"minecraft:coal":11,"iceandfire:raw_silver":5,"minecraft:cobblestone":25},"minecraft:killed":{"irons_spellbooks:summoned_zombie":2,"born_in_chaos_v1:maggot":2,"minecraft:skeleton":1,"minecraft:zombie":1},"minecraft:dropped":{"minecraft:stone_axe":1,"minecraft:birch_planks":1,"minecraft:mangrove_button":1,"minecraft:torch":1,"minecraft:wooden_axe":1,"gravestone:obituary":1,"minecraft:wooden_pickaxe":1},"minecraft:custom":{"minecraft:interact_with_smithing_table":1,"lootr:looted_stat":15,"minecraft:mob_kills":6,"minecraft:interact_with_crafting_table":6,"minecraft:open_barrel":17,"minecraft:time_since_death":20356,"minecraft:climb_one_cm":2756,"minecraft:time_since_rest":20381,"minecraft:open_enderchest":1,"minecraft:sprint_one_cm":65061,"minecraft:damage_taken":768,"minecraft:walk_one_cm":55248,"minecraft:drop":7,"minecraft:damage_dealt":715,"minecraft:fly_one_cm":64204,"minecraft:crouch_one_cm":8470,"minecraft:play_time":25695,"minecraft:deaths":1,"minecraft:sneak_time":2841,"minecraft:walk_under_water_one_cm":46,"minecraft:jump":511,"minecraft:interact_with_blast_furnace":3,"minecraft:walk_on_water_one_cm":2429,"minecraft:total_world_time":25695,"minecraft:fall_one_cm":14073,"minecraft:inspect_dispenser":2}},"DataVersion":3465}