{"stats":{"minecraft:crafted":{"minecraft:crafting_table":1,"minecraft:stick":8,"minecraft:wooden_pickaxe":1,"minecraft:wooden_axe":1,"minecraft:stone_pickaxe":1,"minecraft:dark_oak_planks":28,"minecraft:birch_planks":12,"minecraft:stone_axe":1},"minecraft:mined":{"iceandfire:silver_ore":2,"minecraft:dark_oak_leaves":10,"minecraft:iron_ore":1,"minecraft:birch_log":3,"minecraft:dark_oak_log":7,"minecraft:crafting_table":2,"gravestone:gravestone":1,"minecraft:coal_ore":8,"minecraft:stone":20,"minecraft:diorite":1},"minecraft:used":{"born_in_chaos_v1:corpse_maggot":1,"minecraft:wooden_axe":21,"minecraft:stone_pickaxe":26,"minecraft:wooden_pickaxe":9,"minecraft:stone_axe":1,"minecraft:crafting_table":2},"minecraft:picked_up":{"minecraft:birch_log":3,"minecraft:raw_iron":1,"born_in_chaos_v1:corpse_maggot":1,"minecraft:crafting_table":2,"minecraft:diorite":1,"skilltree:gem":4,"minecraft:dark_oak_log":7,"minecraft:coal":8,"iceandfire:raw_silver":2,"minecraft:cobblestone":20},"minecraft:dropped":{"minecraft:wooden_axe":1,"gravestone:obituary":1,"minecraft:wooden_pickaxe":1},"minecraft:killed":{"irons_spellbooks:summoned_zombie":2,"born_in_chaos_v1:maggot":2},"minecraft:custom":{"minecraft:time_since_rest":2381,"minecraft:sprint_one_cm":12277,"lootr:looted_stat":1,"minecraft:damage_taken":273,"minecraft:walk_one_cm":9804,"minecraft:mob_kills":4,"minecraft:drop":3,"minecraft:damage_dealt":499,"minecraft:interact_with_crafting_table":5,"minecraft:fly_one_cm":24055,"minecraft:open_barrel":2,"minecraft:crouch_one_cm":3329,"minecraft:play_time":7695,"minecraft:deaths":1,"minecraft:sneak_time":1173,"minecraft:jump":115,"minecraft:time_since_death":2356,"minecraft:total_world_time":7695,"minecraft:fall_one_cm":5452}},"DataVersion":3465}