{"stats":{"minecraft:mined":{"minecraft:dark_oak_planks":81,"minecraft:waxed_cut_copper_slab":9,"minecraft:dark_prismarine":5,"minecraft:red_carpet":1,"minecraft:spruce_planks":1,"minecraft:yellow_wall_banner":1,"minecraft:black_terracotta":8,"gravestone:gravestone":5,"minecraft:spruce_trapdoor":7,"minecraft:lever":1,"minecraft:spruce_fence":2,"minecraft:grass_block":2,"born_in_chaos_v1:black_argillite_brick_wall":1,"minecraft:mangrove_trapdoor":1,"minecraft:mud_bricks":99,"minecraft:moss_block":9,"minecraft:spawner":7,"minecraft:oxidized_cut_copper":3,"minecraft:magma_block":1,"minecraft:waxed_oxidized_cut_copper":5,"minecraft:packed_mud":28,"minecraft:acacia_trapdoor":2,"minecraft:andesite":1,"minecraft:peony":2,"minecraft:green_stained_glass":2,"minecraft:dark_oak_stairs":4,"minecraft:stone":28,"minecraft:waxed_cut_copper":9,"minecraft:waxed_cut_copper_stairs":8,"minecraft:smithing_table":1,"minecraft:mud_brick_slab":16,"minecraft:scaffolding":6,"minecraft:flowering_azalea":2,"minecraft:crafting_table":1,"minecraft:note_block":4,"minecraft:mud_brick_stairs":3,"minecraft:rose_bush":8,"minecraft:lightning_rod":1,"minecraft:cobblestone":1,"minecraft:tinted_glass":5,"minecraft:birch_log":5,"minecraft:black_wall_banner":1,"minecraft:lilac":3,"minecraft:dark_prismarine_slab":2,"minecraft:acacia_fence":1,"minecraft:dirt":4,"minecraft:acacia_door":1,"minecraft:gray_carpet":1,"minecraft:waxed_weathered_cut_copper":1,"minecraft:stone_bricks":1,"minecraft:small_dripleaf":1,"minecraft:waxed_exposed_cut_copper":2},"minecraft:killed":{"born_in_chaos_v1:maggot":7,"minecraft:skeleton":12,"minecraft:ravager":1,"minecraft:creeper":1,"minecraft:zombie":38,"born_in_chaos_v1:dark_vortex":1,"minecraft:wither_skeleton":3},"minecraft:dropped":{"minecraft:mangrove_trapdoor":1,"minecraft:cobblestone":1,"minecraft:book":5,"born_in_chaos_v1:monster_flesh":1,"minecraft:packed_mud":4,"gravestone:obituary":2,"born_in_chaos_v1:black_argillite_brick_wall":2,"minecraft:waxed_cut_copper_slab":1,"minecraft:note_block":4,"alexsmobs:animal_dictionary":1,"minecraft:birch_sapling":1,"minecraft:black_terracotta":2,"minecraft:spruce_fence":1,"minecraft:mud_bricks":4,"minecraft:waxed_cut_copper":1,"minecraft:spruce_trapdoor":1,"minecraft:waxed_oxidized_cut_copper":1,"minecraft:stone_pickaxe":1,"minecraft:wooden_pickaxe":1,"minecraft:scaffolding":5},"minecraft:killed_by":{"minecraft:skeleton":1,"minecraft:zombie":4},"minecraft:picked_up":{"minecraft:crafting_table":1,"minecraft:waxed_oxidized_cut_copper":4,"minecraft:leather_leggings":1,"minecraft:turtle_helmet":1,"minecraft:smithing_table":1,"born_in_chaos_v1:black_argillite_brick_wall":2,"minecraft:birch_button":1,"minecraft:waxed_cut_copper_slab":1,"minecraft:acacia_door":1,"minecraft:tinted_glass":4,"minecraft:birch_sapling":1,"minecraft:spruce_trapdoor":1,"minecraft:stick":2,"minecraft:acacia_fence":1,"minecraft:glow_item_frame":1,"minecraft:spruce_fence":1,"minecraft:note_block":4,"minecraft:mangrove_trapdoor":1,"minecraft:dark_oak_planks":60,"minecraft:yellow_banner":1,"minecraft:arrow":22,"minecraft:rotten_flesh":2,"minecraft:black_banner":1,"minecraft:waxed_cut_copper":1,"minecraft:cobblestone":30,"minecraft:birch_log":5,"minecraft:mud_bricks":87,"minecraft:andesite":1,"minecraft:mud_brick_stairs":3,"minecraft:packed_mud":23,"minecraft:dirt":6,"minecraft:bone":38,"minecraft:red_carpet":2,"minecraft:light_blue_banner":1,"minecraft:stone_bricks":1,"minecraft:gray_carpet":4,"minecraft:acacia_trapdoor":2,"minecraft:oxidized_cut_copper":3,"minecraft:scaffolding":5,"minecraft:black_terracotta":8,"born_in_chaos_v1:ethereal_spirit":1,"minecraft:dark_prismarine_slab":1,"minecraft:coal":1},"minecraft:crafted":{"minecraft:diamond":36,"minecraft:diamond_helmet":1,"minecraft:diamond_leggings":1,"minecraft:stone_pickaxe":1,"minecraft:diamond_boots":1,"minecraft:diamond_axe":1,"minecraft:crafting_table":3,"minecraft:wooden_pickaxe":1,"minecraft:birch_planks":20,"minecraft:diamond_pickaxe":1,"minecraft:stick":8,"minecraft:diamond_chestplate":1},"minecraft:used":{"minecraft:tinted_glass":3,"minecraft:iron_sword":214,"minecraft:oxidized_cut_copper":33,"minecraft:dirt":6,"minecraft:carrot":4,"minecraft:mud_brick_stairs":3,"minecraft:dark_oak_planks":57,"born_in_chaos_v1:smoked_flesh":8,"minecraft:packed_mud":14,"minecraft:mud_bricks":75,"minecraft:stone_bricks":1,"minecraft:golden_carrot":8,"minecraft:potato":9,"minecraft:birch_planks":1,"minecraft:stone_pickaxe":40,"minecraft:waxed_oxidized_cut_copper":3,"minecraft:wooden_pickaxe":8,"minecraft:diamond_axe":100,"minecraft:golden_apple":6,"minecraft:glow_berries":10,"minecraft:crafting_table":3,"minecraft:black_terracotta":3,"minecraft:diamond_pickaxe":213,"minecraft:bread":3,"minecraft:cobblestone":25,"minecraft:andesite":1},"minecraft:custom":{"minecraft:interact_with_smithing_table":1,"lootr:looted_stat":30,"minecraft:mob_kills":63,"minecraft:interact_with_anvil":1,"minecraft:interact_with_crafting_table":4,"minecraft:open_barrel":14,"minecraft:damage_dealt_resisted":24,"minecraft:leave_game":1,"minecraft:time_since_death":12682,"minecraft:climb_one_cm":2628,"minecraft:sprint_one_cm":126295,"minecraft:walk_one_cm":128677,"minecraft:drop":25,"minecraft:play_noteblock":7,"minecraft:play_time":81973,"minecraft:deaths":5,"minecraft:sneak_time":20175,"minecraft:walk_under_water_one_cm":531,"minecraft:jump":558,"minecraft:walk_on_water_one_cm":1621,"minecraft:total_world_time":81973,"minecraft:time_since_rest":12711,"minecraft:open_enderchest":1,"minecraft:damage_taken":3300,"minecraft:damage_absorbed":226,"minecraft:damage_dealt":8315,"minecraft:swim_one_cm":80,"minecraft:fly_one_cm":53499,"minecraft:crouch_one_cm":35016,"minecraft:fall_one_cm":11611,"minecraft:inspect_dispenser":1}},"DataVersion":3465}