{"stats":{"minecraft:mined":{"minecraft:dark_oak_planks":12,"minecraft:waxed_cut_copper_slab":1,"minecraft:mud_brick_slab":5,"minecraft:red_carpet":1,"minecraft:scaffolding":1,"minecraft:black_terracotta":7,"gravestone:gravestone":1,"minecraft:crafting_table":1,"minecraft:spruce_trapdoor":1,"minecraft:note_block":2,"born_in_chaos_v1:black_argillite_brick_wall":1,"minecraft:grass_block":2,"minecraft:spruce_fence":2,"minecraft:cobblestone":1,"minecraft:mangrove_trapdoor":1,"minecraft:mud_bricks":21,"minecraft:spawner":1,"minecraft:oxidized_cut_copper":1,"minecraft:magma_block":1,"minecraft:waxed_oxidized_cut_copper":3,"minecraft:packed_mud":6,"minecraft:birch_log":5,"minecraft:andesite":1,"minecraft:dark_prismarine_slab":2,"minecraft:dirt":4,"minecraft:stone_bricks":1,"minecraft:stone":28,"minecraft:waxed_exposed_cut_copper":1,"minecraft:smithing_table":1},"minecraft:killed":{"minecraft:skeleton":2},"minecraft:dropped":{"minecraft:note_block":4,"minecraft:mangrove_trapdoor":1,"alexsmobs:animal_dictionary":1,"minecraft:birch_sapling":1,"minecraft:cobblestone":1,"minecraft:black_terracotta":2,"minecraft:book":5,"minecraft:spruce_fence":1,"born_in_chaos_v1:monster_flesh":1,"minecraft:packed_mud":1,"minecraft:mud_bricks":3,"minecraft:spruce_trapdoor":1,"minecraft:waxed_oxidized_cut_copper":1,"born_in_chaos_v1:black_argillite_brick_wall":2,"minecraft:wooden_pickaxe":1,"minecraft:stone_pickaxe":1,"minecraft:waxed_cut_copper_slab":1},"minecraft:killed_by":{"minecraft:skeleton":1},"minecraft:picked_up":{"minecraft:birch_log":5,"minecraft:waxed_oxidized_cut_copper":3,"minecraft:crafting_table":1,"minecraft:mud_bricks":23,"minecraft:turtle_helmet":1,"minecraft:andesite":1,"minecraft:leather_leggings":1,"minecraft:smithing_table":1,"born_in_chaos_v1:black_argillite_brick_wall":2,"minecraft:birch_button":1,"minecraft:packed_mud":6,"minecraft:waxed_cut_copper_slab":1,"minecraft:dirt":6,"minecraft:acacia_door":1,"minecraft:red_carpet":2,"minecraft:bone":3,"minecraft:gray_carpet":4,"minecraft:stone_bricks":1,"minecraft:birch_sapling":1,"minecraft:oxidized_cut_copper":1,"minecraft:spruce_trapdoor":1,"minecraft:scaffolding":4,"minecraft:stick":2,"minecraft:black_terracotta":8,"minecraft:glow_item_frame":1,"minecraft:spruce_fence":1,"minecraft:note_block":4,"minecraft:mangrove_trapdoor":1,"minecraft:dark_oak_planks":16,"minecraft:dark_prismarine_slab":1,"minecraft:cobblestone":30},"minecraft:crafted":{"minecraft:diamond_axe":1,"minecraft:crafting_table":3,"minecraft:wooden_pickaxe":1,"minecraft:birch_planks":20,"minecraft:diamond":36,"minecraft:diamond_helmet":1,"minecraft:diamond_leggings":1,"minecraft:diamond_pickaxe":1,"minecraft:stick":8,"minecraft:stone_pickaxe":1,"minecraft:diamond_boots":1,"minecraft:diamond_chestplate":1},"minecraft:used":{"minecraft:birch_planks":1,"minecraft:stone_pickaxe":40,"minecraft:wooden_pickaxe":8,"minecraft:iron_sword":9,"minecraft:diamond_axe":9,"minecraft:oxidized_cut_copper":25,"minecraft:golden_apple":2,"minecraft:dirt":6,"minecraft:crafting_table":3,"minecraft:carrot":3,"minecraft:black_terracotta":3,"born_in_chaos_v1:smoked_flesh":1,"minecraft:diamond_pickaxe":45,"minecraft:bread":2,"minecraft:mud_bricks":3,"minecraft:stone_bricks":1,"minecraft:cobblestone":25,"minecraft:andesite":1},"minecraft:custom":{"minecraft:interact_with_smithing_table":1,"lootr:looted_stat":9,"minecraft:mob_kills":2,"minecraft:interact_with_crafting_table":4,"minecraft:open_barrel":10,"minecraft:time_since_death":5797,"minecraft:damage_absorbed":80,"minecraft:time_since_rest":5909,"minecraft:sprint_one_cm":31571,"minecraft:damage_taken":635,"minecraft:walk_one_cm":41447,"minecraft:drop":19,"minecraft:damage_dealt":268,"minecraft:play_noteblock":4,"minecraft:fly_one_cm":4642,"minecraft:crouch_one_cm":9632,"minecraft:play_time":34441,"minecraft:deaths":1,"minecraft:sneak_time":4872,"minecraft:jump":179,"minecraft:total_world_time":34441,"minecraft:inspect_dispenser":1,"minecraft:fall_one_cm":4428}},"DataVersion":3465}