{"stats":{"minecraft:mined":{"minecraft:dark_oak_planks":91,"minecraft:waxed_cut_copper_slab":9,"minecraft:dark_prismarine":5,"minecraft:red_carpet":1,"minecraft:spruce_planks":7,"minecraft:yellow_wall_banner":1,"iceandfire:silver_ore":1,"minecraft:black_terracotta":195,"gravestone:gravestone":11,"minecraft:lever":1,"minecraft:spruce_trapdoor":7,"minecraft:stone_brick_wall":1,"minecraft:spruce_fence":2,"minecraft:grass_block":8,"born_in_chaos_v1:black_argillite_brick_wall":1,"minecraft:brown_mushroom_block":4,"minecraft:mangrove_trapdoor":1,"minecraft:mud_bricks":124,"minecraft:moss_block":23,"minecraft:waxed_weathered_copper":3,"minecraft:spawner":9,"minecraft:light_blue_wall_banner":1,"minecraft:oxidized_cut_copper":3,"minecraft:magma_block":1,"minecraft:waxed_oxidized_cut_copper":53,"minecraft:packed_mud":33,"minecraft:acacia_trapdoor":2,"minecraft:dark_oak_trapdoor":2,"minecraft:andesite":1,"minecraft:dark_oak_stairs":8,"minecraft:stripped_dark_oak_wood":2,"minecraft:peony":2,"minecraft:green_stained_glass":2,"minecraft:bookshelf":3,"minecraft:pointed_dripstone":2,"minecraft:vine":1,"biomesoplenty:high_grass":5,"minecraft:oak_stairs":2,"minecraft:iron_bars":2,"minecraft:stripped_oak_log":1,"minecraft:stone":34,"minecraft:iron_block":1,"minecraft:spruce_slab":4,"minecraft:waxed_cut_copper_stairs":8,"minecraft:waxed_cut_copper":12,"minecraft:smithing_table":1,"minecraft:mud_brick_slab":17,"minecraft:waxed_weathered_cut_copper_stairs":1,"minecraft:scaffolding":6,"minecraft:flowering_azalea":2,"minecraft:stripped_dark_oak_log":6,"minecraft:clay":1,"minecraft:crafting_table":1,"minecraft:note_block":4,"minecraft:mud_brick_stairs":3,"minecraft:rose_bush":8,"biomesoplenty:high_grass_plant":19,"minecraft:lightning_rod":1,"minecraft:tall_grass":2,"minecraft:cobblestone":1,"minecraft:lapis_ore":2,"minecraft:oak_planks":3,"minecraft:spruce_stairs":5,"minecraft:birch_planks":1,"minecraft:dark_oak_slab":1,"minecraft:ice":1,"minecraft:tinted_glass":13,"minecraft:birch_log":5,"minecraft:black_wall_banner":1,"minecraft:lilac":3,"minecraft:black_bed":1,"minecraft:mangrove_leaves":2,"minecraft:stone_brick_stairs":2,"minecraft:dark_prismarine_slab":2,"minecraft:grass":7,"minecraft:oak_log":10,"minecraft:coal_ore":15,"minecraft:waxed_oxidized_copper":1,"minecraft:gravel":1,"minecraft:acacia_fence":1,"minecraft:acacia_door":1,"minecraft:dirt":13,"minecraft:gray_carpet":1,"minecraft:waxed_weathered_cut_copper":1,"minecraft:cracked_stone_bricks":1,"minecraft:stone_bricks":6,"minecraft:small_dripleaf":1,"minecraft:waxed_exposed_cut_copper":5,"minecraft:oak_leaves":4},"minecraft:killed":{"minecraft:vindicator":1,"iceandfire:stymphalian_bird":5,"born_in_chaos_v1:maggot":7,"minecraft:skeleton":12,"irons_spellbooks:apothecarist":1,"irons_spellbooks:archevoker":1,"iceandfire:troll":1,"minecraft:ravager":2,"minecraft:creeper":2,"minecraft:pillager":15,"irons_spellbooks:summoned_vex":1,"minecraft:zombie":38,"iceandfire:ghost":1,"born_in_chaos_v1:dark_vortex":1,"minecraft:wither_skeleton":3,"iceandfire:sea_serpent":1},"minecraft:dropped":{"minecraft:iron_ingot":26,"minecraft:iron_sword":1,"minecraft:mangrove_trapdoor":1,"iceandfire:sea_serpent_scales_bronze":16,"minecraft:cobblestone":1,"minecraft:glow_item_frame":1,"minecraft:book":5,"minecraft:leather":8,"born_in_chaos_v1:monster_flesh":1,"minecraft:packed_mud":9,"minecraft:golden_carrot":4,"minecraft:potion":1,"gravestone:obituary":5,"born_in_chaos_v1:black_argillite_brick_wall":2,"minecraft:light_blue_banner":1,"minecraft:waxed_cut_copper_slab":1,"minecraft:note_block":4,"alexsmobs:animal_dictionary":1,"minecraft:birch_sapling":1,"minecraft:black_terracotta":2,"minecraft:oak_planks":9,"minecraft:spruce_fence":1,"minecraft:mud_bricks":6,"minecraft:gunpowder":2,"minecraft:waxed_cut_copper":1,"minecraft:spruce_trapdoor":1,"minecraft:waxed_oxidized_cut_copper":3,"minecraft:wooden_pickaxe":1,"minecraft:stone_pickaxe":1,"minecraft:scaffolding":5},"minecraft:killed_by":{"iceandfire:ice_dragon":1,"minecraft:skeleton":1,"minecraft:zombie":4},"minecraft:picked_up":{"irons_spellbooks:scroll":2,"minecraft:crafting_table":1,"minecraft:waxed_oxidized_cut_copper":50,"minecraft:leather_leggings":1,"minecraft:turtle_helmet":1,"minecraft:smithing_table":1,"born_in_chaos_v1:black_argillite_brick_wall":2,"minecraft:birch_button":1,"minecraft:stone_brick_stairs":1,"gravestone:obituary":1,"minecraft:dark_oak_trapdoor":1,"minecraft:waxed_cut_copper_slab":1,"irons_spellbooks:nature_rune":1,"minecraft:acacia_door":1,"iceandfire:sea_serpent_scales_bronze":32,"minecraft:cracked_stone_bricks":1,"irons_spellbooks:arcane_essence":5,"irons_spellbooks:epic_ink":1,"minecraft:tinted_glass":7,"minecraft:birch_sapling":1,"minecraft:spruce_trapdoor":1,"minecraft:stick":2,"minecraft:acacia_fence":1,"minecraft:glow_item_frame":1,"minecraft:spruce_fence":1,"minecraft:note_block":4,"minecraft:mangrove_trapdoor":1,"minecraft:dark_oak_planks":60,"minecraft:yellow_banner":1,"irons_spellbooks:evocation_rune":1,"minecraft:arrow":22,"minecraft:rotten_flesh":2,"minecraft:iron_block":1,"minecraft:stripped_dark_oak_wood":2,"minecraft:saddle":1,"minecraft:black_banner":1,"minecraft:waxed_cut_copper":4,"minecraft:iron_bars":2,"minecraft:cobblestone":33,"minecraft:birch_log":5,"minecraft:mud_bricks":108,"iceandfire:sea_serpent_fang":7,"minecraft:andesite":1,"minecraft:black_bed":1,"minecraft:mud_brick_stairs":3,"minecraft:packed_mud":28,"minecraft:oak_log":7,"minecraft:gunpowder":2,"minecraft:lapis_lazuli":13,"skilltree:gem":9,"minecraft:dirt":6,"irons_spellbooks:rare_ink":1,"minecraft:red_carpet":2,"minecraft:bone":38,"minecraft:light_blue_banner":2,"minecraft:stone_bricks":6,"minecraft:gray_carpet":4,"minecraft:acacia_trapdoor":2,"minecraft:iron_sword":1,"minecraft:oxidized_cut_copper":3,"minecraft:scaffolding":5,"minecraft:black_terracotta":188,"irons_spellbooks:legendary_ink":3,"born_in_chaos_v1:ethereal_spirit":1,"minecraft:dark_prismarine_slab":1,"minecraft:emerald":1,"minecraft:stripped_dark_oak_log":2,"minecraft:coal":16},"minecraft:crafted":{"minecraft:oak_planks":28,"minecraft:diamond_block":7,"minecraft:diamond":36,"minecraft:diamond_helmet":1,"minecraft:diamond_leggings":1,"minecraft:stone_pickaxe":1,"minecraft:chest":1,"minecraft:diamond_boots":1,"minecraft:dark_oak_planks":8,"minecraft:diamond_axe":1,"minecraft:crafting_table":5,"minecraft:wooden_pickaxe":1,"minecraft:birch_planks":20,"minecraft:diamond_pickaxe":1,"minecraft:stick":8,"minecraft:iron_ingot":9,"minecraft:iron_block":15,"minecraft:anvil":1,"minecraft:diamond_chestplate":1},"minecraft:used":{"minecraft:light_blue_banner":1,"minecraft:chest":1,"minecraft:tinted_glass":7,"minecraft:iron_sword":309,"minecraft:oxidized_cut_copper":47,"minecraft:dirt":6,"minecraft:anvil":1,"minecraft:cut_copper":11,"minecraft:carrot":4,"minecraft:mud_brick_stairs":3,"born_in_chaos_v1:smoked_flesh":8,"minecraft:dark_oak_planks":57,"minecraft:stripped_dark_oak_wood":2,"minecraft:iron_block":1,"minecraft:waxed_cut_copper":3,"minecraft:packed_mud":14,"minecraft:mud_bricks":102,"minecraft:stone_bricks":4,"minecraft:golden_carrot":15,"minecraft:potato":9,"minecraft:birch_planks":1,"minecraft:glass_bottle":1,"minecraft:stone_pickaxe":40,"minecraft:oak_planks":11,"minecraft:waxed_oxidized_cut_copper":47,"minecraft:wooden_pickaxe":8,"minecraft:diamond_axe":216,"minecraft:golden_apple":18,"minecraft:glow_berries":12,"minecraft:crafting_table":5,"minecraft:black_terracotta":183,"minecraft:diamond_pickaxe":556,"minecraft:bread":3,"minecraft:potion":2,"minecraft:cobblestone":28,"minecraft:andesite":1},"minecraft:custom":{"minecraft:interact_with_smithing_table":1,"lootr:looted_stat":51,"minecraft:mob_kills":92,"minecraft:interact_with_anvil":3,"minecraft:interact_with_crafting_table":9,"minecraft:open_barrel":18,"minecraft:damage_dealt_resisted":24,"minecraft:leave_game":2,"minecraft:time_since_death":28449,"minecraft:climb_one_cm":3779,"minecraft:sprint_one_cm":250664,"minecraft:walk_one_cm":214262,"minecraft:drop":45,"minecraft:play_noteblock":7,"minecraft:play_time":141838,"minecraft:deaths":11,"minecraft:sneak_time":32202,"minecraft:walk_under_water_one_cm":23548,"minecraft:jump":1761,"minecraft:walk_on_water_one_cm":26029,"minecraft:total_world_time":141838,"minecraft:sleep_in_bed":1,"minecraft:time_since_rest":16470,"minecraft:open_enderchest":1,"minecraft:damage_taken":8039,"minecraft:damage_absorbed":584,"minecraft:trigger_trapped_chest":1,"minecraft:damage_dealt":17764,"minecraft:swim_one_cm":89878,"minecraft:fly_one_cm":219398,"minecraft:open_chest":4,"minecraft:crouch_one_cm":67888,"minecraft:fall_one_cm":75030,"minecraft:inspect_dispenser":1}},"DataVersion":3465}