{"stats":{"minecraft:mined":{"minecraft:smithing_table":1,"minecraft:dark_oak_planks":63,"minecraft:waxed_cut_copper_slab":7,"minecraft:dark_prismarine":5,"minecraft:mud_brick_slab":16,"minecraft:red_carpet":1,"minecraft:spruce_planks":1,"minecraft:scaffolding":5,"minecraft:flowering_azalea":1,"minecraft:black_terracotta":8,"minecraft:crafting_table":1,"minecraft:spruce_trapdoor":7,"minecraft:note_block":2,"gravestone:gravestone":2,"born_in_chaos_v1:black_argillite_brick_wall":1,"minecraft:grass_block":2,"minecraft:spruce_fence":2,"minecraft:rose_bush":7,"minecraft:lightning_rod":1,"minecraft:mangrove_trapdoor":1,"minecraft:cobblestone":1,"minecraft:mud_bricks":53,"minecraft:moss_block":8,"minecraft:spawner":3,"minecraft:oxidized_cut_copper":3,"minecraft:magma_block":1,"minecraft:waxed_oxidized_cut_copper":4,"minecraft:packed_mud":15,"minecraft:birch_log":5,"minecraft:lilac":2,"minecraft:andesite":1,"minecraft:dark_prismarine_slab":2,"minecraft:peony":1,"minecraft:dirt":4,"minecraft:stone":28,"minecraft:stone_bricks":1,"minecraft:waxed_exposed_cut_copper":1,"minecraft:waxed_cut_copper_stairs":7,"minecraft:waxed_cut_copper":2},"minecraft:killed":{"born_in_chaos_v1:maggot":7,"minecraft:skeleton":8,"minecraft:zombie":35},"minecraft:dropped":{"minecraft:note_block":4,"alexsmobs:animal_dictionary":1,"minecraft:mangrove_trapdoor":1,"minecraft:birch_sapling":1,"minecraft:cobblestone":1,"minecraft:black_terracotta":2,"minecraft:book":5,"minecraft:spruce_fence":1,"born_in_chaos_v1:monster_flesh":1,"minecraft:packed_mud":1,"minecraft:mud_bricks":4,"minecraft:spruce_trapdoor":1,"minecraft:waxed_oxidized_cut_copper":1,"born_in_chaos_v1:black_argillite_brick_wall":2,"minecraft:wooden_pickaxe":1,"minecraft:stone_pickaxe":1,"minecraft:waxed_cut_copper_slab":1},"minecraft:killed_by":{"minecraft:skeleton":1,"minecraft:zombie":1},"minecraft:picked_up":{"minecraft:birch_log":5,"minecraft:waxed_oxidized_cut_copper":4,"minecraft:crafting_table":1,"minecraft:mud_bricks":46,"minecraft:turtle_helmet":1,"minecraft:andesite":1,"minecraft:leather_leggings":1,"minecraft:smithing_table":1,"born_in_chaos_v1:black_argillite_brick_wall":2,"minecraft:birch_button":1,"minecraft:packed_mud":12,"minecraft:dirt":6,"minecraft:waxed_cut_copper_slab":1,"minecraft:acacia_door":1,"minecraft:red_carpet":2,"minecraft:bone":6,"minecraft:light_blue_banner":1,"minecraft:gray_carpet":4,"minecraft:stone_bricks":1,"minecraft:birch_sapling":1,"minecraft:oxidized_cut_copper":3,"minecraft:spruce_trapdoor":1,"minecraft:scaffolding":4,"minecraft:stick":2,"minecraft:black_terracotta":8,"minecraft:glow_item_frame":1,"minecraft:note_block":4,"minecraft:spruce_fence":1,"minecraft:mangrove_trapdoor":1,"minecraft:dark_oak_planks":57,"minecraft:dark_prismarine_slab":1,"minecraft:arrow":4,"minecraft:cobblestone":30},"minecraft:crafted":{"minecraft:diamond_axe":1,"minecraft:crafting_table":3,"minecraft:wooden_pickaxe":1,"minecraft:birch_planks":20,"minecraft:diamond":36,"minecraft:diamond_helmet":1,"minecraft:diamond_leggings":1,"minecraft:diamond_pickaxe":1,"minecraft:stick":8,"minecraft:stone_pickaxe":1,"minecraft:diamond_boots":1,"minecraft:diamond_chestplate":1},"minecraft:used":{"minecraft:birch_planks":1,"minecraft:stone_pickaxe":40,"minecraft:wooden_pickaxe":8,"minecraft:iron_sword":95,"minecraft:diamond_axe":72,"minecraft:oxidized_cut_copper":33,"minecraft:golden_apple":5,"minecraft:glow_berries":7,"minecraft:dirt":6,"minecraft:crafting_table":3,"minecraft:carrot":4,"born_in_chaos_v1:smoked_flesh":6,"minecraft:dark_oak_planks":53,"minecraft:black_terracotta":3,"minecraft:diamond_pickaxe":124,"minecraft:bread":3,"minecraft:packed_mud":4,"minecraft:mud_bricks":39,"minecraft:stone_bricks":1,"minecraft:cobblestone":25,"minecraft:andesite":1,"minecraft:potato":9},"minecraft:custom":{"lootr:looted_stat":14,"minecraft:mob_kills":50,"minecraft:interact_with_crafting_table":4,"minecraft:open_barrel":11,"minecraft:damage_dealt_resisted":24,"minecraft:leave_game":1,"minecraft:time_since_death":11160,"minecraft:climb_one_cm":1065,"minecraft:damage_absorbed":186,"minecraft:time_since_rest":11203,"minecraft:damage_taken":1637,"minecraft:sprint_one_cm":68374,"minecraft:open_enderchest":1,"minecraft:walk_one_cm":69211,"minecraft:drop":20,"minecraft:damage_dealt":3149,"minecraft:play_noteblock":4,"minecraft:fly_one_cm":15991,"minecraft:crouch_one_cm":25600,"minecraft:play_time":57973,"minecraft:deaths":2,"minecraft:sneak_time":15248,"minecraft:jump":310,"minecraft:total_world_time":57973,"minecraft:interact_with_smithing_table":1,"minecraft:inspect_dispenser":1,"minecraft:fall_one_cm":5241}},"DataVersion":3465}