{"stats":{"minecraft:mined":{"minecraft:waxed_cut_copper_slab":1,"minecraft:magma_block":1,"minecraft:scaffolding":1,"minecraft:waxed_oxidized_cut_copper":1,"minecraft:packed_mud":1,"minecraft:birch_log":5,"minecraft:black_terracotta":2,"minecraft:andesite":1,"minecraft:note_block":2,"minecraft:grass_block":2,"minecraft:spruce_fence":2,"born_in_chaos_v1:black_argillite_brick_wall":1,"minecraft:dirt":4,"minecraft:mangrove_trapdoor":1,"minecraft:stone":28,"minecraft:stone_bricks":1,"minecraft:mud_bricks":3},"minecraft:dropped":{"minecraft:cobblestone":1},"minecraft:picked_up":{"minecraft:birch_log":5,"minecraft:scaffolding":4,"minecraft:waxed_oxidized_cut_copper":1,"minecraft:stick":2,"minecraft:mud_bricks":3,"minecraft:black_terracotta":2,"minecraft:andesite":1,"minecraft:note_block":2,"born_in_chaos_v1:black_argillite_brick_wall":1,"minecraft:spruce_fence":1,"minecraft:packed_mud":1,"minecraft:dirt":6,"minecraft:waxed_cut_copper_slab":1,"minecraft:stone_bricks":1,"minecraft:birch_sapling":1,"minecraft:cobblestone":28},"minecraft:crafted":{"minecraft:diamond":36,"minecraft:diamond_helmet":1,"minecraft:diamond_leggings":1,"minecraft:crafting_table":2,"minecraft:stick":4,"minecraft:wooden_pickaxe":1,"minecraft:stone_pickaxe":1,"minecraft:diamond_boots":1,"minecraft:birch_planks":20,"minecraft:diamond_chestplate":1},"minecraft:used":{"born_in_chaos_v1:smoked_flesh":1,"minecraft:birch_planks":1,"minecraft:stone_pickaxe":39,"minecraft:wooden_pickaxe":8,"minecraft:stone_bricks":1,"minecraft:dirt":6,"minecraft:cobblestone":24,"minecraft:crafting_table":2,"minecraft:andesite":1},"minecraft:custom":{"minecraft:interact_with_smithing_table":1,"minecraft:time_since_rest":22441,"lootr:looted_stat":6,"minecraft:sprint_one_cm":6569,"minecraft:damage_taken":100,"minecraft:walk_one_cm":20116,"minecraft:drop":1,"minecraft:play_noteblock":4,"minecraft:interact_with_crafting_table":3,"minecraft:fly_one_cm":886,"minecraft:open_barrel":10,"minecraft:crouch_one_cm":5870,"minecraft:play_time":22441,"minecraft:sneak_time":2588,"minecraft:jump":87,"minecraft:time_since_death":22441,"minecraft:total_world_time":22441,"minecraft:fall_one_cm":2461}},"DataVersion":3465}