{"stats":{"minecraft:mined":{"minecraft:smithing_table":1,"minecraft:dark_oak_planks":71,"minecraft:waxed_cut_copper_slab":9,"minecraft:dark_prismarine":5,"minecraft:mud_brick_slab":16,"minecraft:red_carpet":1,"minecraft:spruce_planks":1,"minecraft:scaffolding":6,"minecraft:flowering_azalea":2,"minecraft:black_terracotta":8,"minecraft:lever":1,"minecraft:crafting_table":1,"minecraft:spruce_trapdoor":7,"minecraft:note_block":2,"gravestone:gravestone":5,"minecraft:mud_brick_stairs":2,"born_in_chaos_v1:black_argillite_brick_wall":1,"minecraft:grass_block":2,"minecraft:spruce_fence":2,"minecraft:rose_bush":8,"minecraft:lightning_rod":1,"minecraft:mangrove_trapdoor":1,"minecraft:cobblestone":1,"minecraft:mud_bricks":66,"minecraft:moss_block":9,"minecraft:spawner":6,"minecraft:oxidized_cut_copper":3,"minecraft:magma_block":1,"minecraft:waxed_oxidized_cut_copper":4,"minecraft:packed_mud":17,"minecraft:acacia_trapdoor":2,"minecraft:birch_log":5,"minecraft:black_wall_banner":1,"minecraft:lilac":3,"minecraft:andesite":1,"minecraft:dark_prismarine_slab":2,"minecraft:peony":2,"minecraft:acacia_fence":1,"minecraft:acacia_door":1,"minecraft:dirt":4,"minecraft:gray_carpet":1,"minecraft:stone":28,"minecraft:stone_bricks":1,"minecraft:small_dripleaf":1,"minecraft:waxed_exposed_cut_copper":1,"minecraft:waxed_cut_copper_stairs":7,"minecraft:waxed_cut_copper":7},"minecraft:killed":{"born_in_chaos_v1:maggot":7,"minecraft:skeleton":11,"minecraft:zombie":38,"minecraft:wither_skeleton":3},"minecraft:dropped":{"minecraft:note_block":4,"alexsmobs:animal_dictionary":1,"minecraft:mangrove_trapdoor":1,"minecraft:birch_sapling":1,"minecraft:cobblestone":1,"minecraft:black_terracotta":2,"minecraft:book":5,"minecraft:spruce_fence":1,"born_in_chaos_v1:monster_flesh":1,"minecraft:packed_mud":1,"minecraft:mud_bricks":4,"minecraft:waxed_cut_copper":1,"minecraft:spruce_trapdoor":1,"minecraft:waxed_oxidized_cut_copper":1,"born_in_chaos_v1:black_argillite_brick_wall":2,"minecraft:wooden_pickaxe":1,"minecraft:stone_pickaxe":1,"minecraft:scaffolding":5,"minecraft:waxed_cut_copper_slab":1},"minecraft:killed_by":{"minecraft:skeleton":1,"minecraft:zombie":4},"minecraft:picked_up":{"minecraft:birch_log":5,"minecraft:waxed_oxidized_cut_copper":4,"minecraft:crafting_table":1,"minecraft:mud_bricks":55,"minecraft:turtle_helmet":1,"minecraft:andesite":1,"minecraft:leather_leggings":1,"minecraft:smithing_table":1,"minecraft:mud_brick_stairs":2,"born_in_chaos_v1:black_argillite_brick_wall":2,"minecraft:birch_button":1,"minecraft:packed_mud":13,"minecraft:dirt":6,"minecraft:waxed_cut_copper_slab":1,"minecraft:acacia_door":1,"minecraft:red_carpet":2,"minecraft:bone":38,"minecraft:light_blue_banner":1,"minecraft:gray_carpet":4,"minecraft:stone_bricks":1,"minecraft:acacia_trapdoor":2,"minecraft:birch_sapling":1,"minecraft:acacia_fence":1,"minecraft:oxidized_cut_copper":3,"minecraft:spruce_trapdoor":1,"minecraft:scaffolding":5,"minecraft:stick":2,"minecraft:black_terracotta":8,"minecraft:glow_item_frame":1,"minecraft:note_block":4,"minecraft:spruce_fence":1,"minecraft:mangrove_trapdoor":1,"minecraft:dark_oak_planks":57,"minecraft:dark_prismarine_slab":1,"minecraft:arrow":22,"minecraft:rotten_flesh":2,"minecraft:black_banner":1,"minecraft:waxed_cut_copper":1,"minecraft:coal":1,"minecraft:cobblestone":30},"minecraft:crafted":{"minecraft:diamond_axe":1,"minecraft:crafting_table":3,"minecraft:wooden_pickaxe":1,"minecraft:birch_planks":20,"minecraft:diamond":36,"minecraft:diamond_helmet":1,"minecraft:diamond_leggings":1,"minecraft:diamond_pickaxe":1,"minecraft:stick":8,"minecraft:stone_pickaxe":1,"minecraft:diamond_boots":1,"minecraft:diamond_chestplate":1},"minecraft:used":{"minecraft:birch_planks":1,"minecraft:stone_pickaxe":40,"minecraft:waxed_oxidized_cut_copper":3,"minecraft:wooden_pickaxe":8,"minecraft:iron_sword":168,"minecraft:diamond_axe":84,"minecraft:oxidized_cut_copper":33,"minecraft:golden_apple":5,"minecraft:glow_berries":10,"minecraft:dirt":6,"minecraft:crafting_table":3,"minecraft:carrot":4,"minecraft:mud_brick_stairs":2,"born_in_chaos_v1:smoked_flesh":8,"minecraft:dark_oak_planks":57,"minecraft:black_terracotta":3,"minecraft:diamond_pickaxe":158,"minecraft:bread":3,"minecraft:packed_mud":7,"minecraft:mud_bricks":51,"minecraft:stone_bricks":1,"minecraft:golden_carrot":6,"minecraft:cobblestone":25,"minecraft:andesite":1,"minecraft:potato":9},"minecraft:custom":{"lootr:looted_stat":19,"minecraft:interact_with_anvil":1,"minecraft:mob_kills":59,"minecraft:interact_with_crafting_table":4,"minecraft:open_barrel":14,"minecraft:damage_dealt_resisted":24,"minecraft:leave_game":1,"minecraft:time_since_death":682,"minecraft:climb_one_cm":2628,"minecraft:damage_absorbed":186,"minecraft:time_since_rest":711,"minecraft:damage_taken":2967,"minecraft:sprint_one_cm":99496,"minecraft:open_enderchest":1,"minecraft:walk_one_cm":101002,"minecraft:drop":22,"minecraft:damage_dealt":6213,"minecraft:play_noteblock":4,"minecraft:fly_one_cm":48409,"minecraft:crouch_one_cm":30874,"minecraft:play_time":69973,"minecraft:deaths":5,"minecraft:sneak_time":18531,"minecraft:jump":473,"minecraft:total_world_time":69973,"minecraft:interact_with_smithing_table":1,"minecraft:inspect_dispenser":1,"minecraft:fall_one_cm":7939}},"DataVersion":3465}