{"stats":{"minecraft:mined":{"minecraft:furnace":1,"minecraft:birch_log":6,"minecraft:iron_ore":5,"minecraft:birch_leaves":1,"minecraft:torch":1,"minecraft:crafting_table":3,"gravestone:gravestone":2,"minecraft:granite":4,"minecraft:coal_ore":45,"minecraft:dirt":138,"minecraft:stone":48},"minecraft:killed":{"minecraft:skeleton":1,"minecraft:spider":1,"born_in_chaos_v1:siamese_skeletonsright":1,"born_in_chaos_v1:siamese_skeletonsleft":1},"minecraft:killed_by":{"minecraft:skeleton":1,"born_in_chaos_v1:siamese_skeletons":1},"minecraft:picked_up":{"born_in_chaos_v1:fused_bone":2,"minecraft:birch_log":6,"minecraft:stick":1,"minecraft:crafting_table":3,"minecraft:raw_iron":5,"minecraft:torch":1,"minecraft:string":2,"skilltree:gem":8,"minecraft:dirt":115,"minecraft:arrow":1,"minecraft:granite":4,"minecraft:birch_sapling":2,"minecraft:coal":45,"minecraft:cobblestone":48,"minecraft:furnace":1},"minecraft:crafted":{"minecraft:crafting_table":1,"minecraft:stick":8,"minecraft:iron_ingot":5,"minecraft:wooden_pickaxe":1,"minecraft:stone_pickaxe":1,"minecraft:iron_sword":1,"minecraft:furnace":1,"minecraft:torch":4,"minecraft:birch_planks":24,"minecraft:stone_axe":1,"minecraft:air":0},"minecraft:used":{"minecraft:stone_pickaxe":98,"minecraft:birch_sapling":2,"minecraft:wooden_pickaxe":7,"minecraft:iron_sword":16,"minecraft:stone_axe":2,"minecraft:torch":5,"minecraft:dirt":1,"minecraft:crafting_table":3,"minecraft:furnace":1,"minecraft:granite":2},"minecraft:custom":{"minecraft:time_since_rest":424,"minecraft:interact_with_furnace":2,"minecraft:sprint_one_cm":15268,"minecraft:damage_taken":645,"minecraft:walk_one_cm":35782,"minecraft:mob_kills":4,"minecraft:damage_dealt":781,"minecraft:interact_with_crafting_table":6,"minecraft:fly_one_cm":4964,"minecraft:crouch_one_cm":1154,"minecraft:play_time":15429,"minecraft:deaths":2,"minecraft:sneak_time":577,"minecraft:jump":77,"minecraft:walk_on_water_one_cm":220,"minecraft:time_since_death":395,"minecraft:total_world_time":15429,"minecraft:fall_one_cm":4486}},"DataVersion":3465}