{"stats":{"minecraft:mined":{"minecraft:candle":8,"farmersdelight:wild_carrots":29,"minecraft:dark_oak_log":2,"born_in_chaos_v1:infected_diamond_ore":1,"gravestone:gravestone":3,"minecraft:ladder":2,"minecraft:granite":15,"minecraft:grass_block":53,"farmersdelight:budding_tomatoes":2,"minecraft:large_fern":1,"farmersdelight:wild_onions":3,"minecraft:furnace":2,"minecraft:iron_ore":60,"minecraft:andesite":3,"minecraft:cave_vines":1,"biomesoplenty:high_grass":9,"minecraft:deepslate_iron_ore":17,"minecraft:vine":16,"minecraft:rail":4,"minecraft:azalea":1,"minecraft:stone":98,"minecraft:oak_fence":1,"minecraft:crafting_table":4,"minecraft:torch":12,"biomesoplenty:high_grass_plant":12,"minecraft:tall_grass":10,"minecraft:copper_ore":4,"minecraft:cobblestone":9,"minecraft:oak_planks":13,"minecraft:diorite":4,"minecraft:wall_torch":3,"supplementaries:urn":2,"minecraft:dark_oak_door":1,"minecraft:birch_log":6,"biomesoplenty:pink_daffodil":16,"minecraft:birch_leaves":2,"minecraft:grass":42,"minecraft:coal_ore":75,"minecraft:gravel":23,"minecraft:dirt":179,"minecraft:cobweb":4,"born_in_chaos_v1:infernal_evil_pumpkin_s":1,"minecraft:stone_bricks":1,"minecraft:mossy_stone_bricks":1,"minecraft:deepslate":1,"minecraft:fern":2},"minecraft:killed":{"born_in_chaos_v1:mr_pumpkin":2,"born_in_chaos_v1:restless_spirit":1,"born_in_chaos_v1:door_knight_not_despawn":1,"minecraft:spider":2,"minecraft:slime":8,"born_in_chaos_v1:siamese_skeletonsright":1,"born_in_chaos_v1:baby_skeleton_minion":1,"born_in_chaos_v1:maggot":3,"minecraft:skeleton":5,"minecraft:chicken":3,"born_in_chaos_v1:bonescaller":1,"minecraft:pig":3,"born_in_chaos_v1:diamond_termite":2,"minecraft:zombie_villager":2,"born_in_chaos_v1:baby_skeleton":2,"born_in_chaos_v1:swarmer":1,"minecraft:creeper":2,"born_in_chaos_v1:decrepit_skeleton":1,"minecraft:zombie":7,"born_in_chaos_v1:corpse_fly":8,"minecraft:enderman":1,"born_in_chaos_v1:siamese_skeletonsleft":1},"minecraft:dropped":{"minecraft:feather":2,"minecraft:granite":10,"minecraft:tropical_fish":1,"skilltree:gem":13,"gravestone:obituary":1,"minecraft:gravel":23,"minecraft:cobbled_deepslate":2,"minecraft:bowl":1,"born_in_chaos_v1:ethereal_spirit":1,"minecraft:rotten_flesh":5,"born_in_chaos_v1:spiritual_dust":3,"minecraft:carrot":1,"minecraft:andesite":1,"born_in_chaos_v1:corpse_maggot":9,"born_in_chaos_v1:diamond_termite_shard":2,"minecraft:spider_eye":1,"minecraft:slime_ball":6,"minecraft:bow":3},"minecraft:killed_by":{"minecraft:enderman":1,"minecraft:skeleton":1,"born_in_chaos_v1:siamese_skeletons":1},"minecraft:broken":{"minecraft:leather_leggings":1,"minecraft:stone_pickaxe":1,"minecraft:iron_sword":1},"minecraft:picked_up":{"born_in_chaos_v1:diamond_termite_shard":4,"minecraft:crafting_table":4,"minecraft:chicken":2,"minecraft:ladder":2,"minecraft:leather_leggings":1,"minecraft:chain":1,"minecraft:raw_copper":19,"minecraft:string":6,"minecraft:candle":16,"minecraft:cobbled_deepslate":2,"born_in_chaos_v1:gnawed_bones":1,"minecraft:azalea":1,"minecraft:birch_sapling":2,"minecraft:furnace":2,"minecraft:dark_oak_door":1,"minecraft:stick":1,"minecraft:raw_iron":77,"minecraft:oak_fence":1,"minecraft:torch":16,"minecraft:porkchop":8,"farmersdelight:tomato_seeds":2,"minecraft:carrot":30,"minecraft:rotten_flesh":10,"minecraft:arrow":3,"minecraft:tropical_fish":43,"farmersdelight:onion":3,"sophisticatedbackpacks:copper_backpack":3,"minecraft:glow_berries":4,"minecraft:rail":4,"minecraft:cobblestone":107,"born_in_chaos_v1:fused_bone":2,"minecraft:birch_log":6,"born_in_chaos_v1:corpse_maggot":9,"minecraft:feather":2,"born_in_chaos_v1:spiritual_dust":3,"minecraft:andesite":1,"minecraft:flint":3,"skilltree:gem":27,"minecraft:dirt":238,"minecraft:bone":6,"minecraft:bow":3,"minecraft:wheat_seeds":5,"minecraft:oak_planks":13,"born_in_chaos_v1:ethereal_spirit":1,"minecraft:dandelion":5,"minecraft:gravel":37,"minecraft:spider_eye":1,"minecraft:dark_oak_log":2,"minecraft:slime_ball":6,"minecraft:granite":15,"minecraft:bone_meal":1,"biomesoplenty:pink_daffodil":14,"minecraft:coal":74},"minecraft:crafted":{"minecraft:stone_shovel":1,"minecraft:cooked_chicken":1,"minecraft:furnace":1,"minecraft:dark_oak_door":3,"minecraft:stone_pickaxe":2,"minecraft:dark_oak_planks":8,"minecraft:stone_hoe":1,"minecraft:cooked_porkchop":8,"minecraft:crafting_table":2,"minecraft:wooden_pickaxe":1,"minecraft:iron_sword":1,"minecraft:bucket":2,"minecraft:birch_planks":24,"minecraft:stone_axe":1,"minecraft:air":0,"minecraft:iron_chestplate":1,"minecraft:stick":36,"minecraft:iron_ingot":68,"minecraft:iron_pickaxe":1,"minecraft:torch":88},"minecraft:used":{"minecraft:azalea":1,"minecraft:oak_fence":1,"minecraft:stone_shovel":103,"minecraft:ladder":2,"minecraft:iron_sword":289,"minecraft:cooked_chicken":1,"minecraft:stone_hoe":28,"minecraft:iron_chestplate":1,"minecraft:torch":110,"minecraft:dirt":232,"minecraft:carrot":28,"minecraft:granite":3,"minecraft:lava_bucket":6,"minecraft:iron_axe":11,"minecraft:birch_sapling":2,"minecraft:furnace":3,"farmersdelight:tomato_seeds":9,"minecraft:wheat_seeds":5,"minecraft:water_bucket":1,"farmersdelight:skillet":11,"minecraft:powered_rail":4,"minecraft:stone_pickaxe":180,"minecraft:oak_planks":7,"minecraft:wooden_pickaxe":7,"minecraft:glow_berries":5,"farmersdelight:onion":3,"minecraft:rail":24,"minecraft:crafting_table":6,"minecraft:mushroom_stew":1,"minecraft:dark_oak_door":2,"minecraft:bread":5,"minecraft:iron_pickaxe":126,"minecraft:stone_axe":26,"minecraft:cobblestone":87,"minecraft:cooked_porkchop":1,"minecraft:bucket":9,"alexsmobs:animal_dictionary":5,"minecraft:bone_meal":1},"minecraft:custom":{"lootr:looted_stat":8,"minecraft:mob_kills":58,"minecraft:open_barrel":9,"minecraft:interact_with_crafting_table":22,"minecraft:damage_dealt_resisted":1539,"minecraft:leave_game":1,"minecraft:time_since_death":39030,"minecraft:climb_one_cm":37076,"minecraft:sprint_one_cm":286406,"minecraft:walk_one_cm":405210,"minecraft:drop":54,"minecraft:damage_dealt_absorbed":199,"minecraft:play_time":116859,"minecraft:deaths":3,"minecraft:sneak_time":5061,"minecraft:walk_under_water_one_cm":7206,"minecraft:jump":1338,"minecraft:walk_on_water_one_cm":13393,"minecraft:total_world_time":116859,"minecraft:interact_with_furnace":35,"minecraft:time_since_rest":39059,"minecraft:damage_taken":2002,"minecraft:damage_dealt":9235,"minecraft:swim_one_cm":23555,"minecraft:fly_one_cm":189101,"minecraft:crouch_one_cm":9516,"minecraft:fall_one_cm":32274,"minecraft:horse_one_cm":417}},"DataVersion":3465}