{"stats":{"minecraft:custom":{"lootr:looted_stat":10,"minecraft:mob_kills":82,"minecraft:interact_with_crafting_table":36,"minecraft:open_barrel":15,"minecraft:damage_dealt_resisted":4300,"minecraft:leave_game":3,"minecraft:time_since_death":8097,"minecraft:climb_one_cm":82636,"minecraft:sprint_one_cm":517026,"minecraft:walk_one_cm":614456,"minecraft:drop":65,"minecraft:damage_dealt_absorbed":199,"minecraft:play_time":191897,"minecraft:sneak_time":6386,"minecraft:deaths":9,"minecraft:walk_under_water_one_cm":7206,"minecraft:jump":2087,"minecraft:walk_on_water_one_cm":13393,"minecraft:total_world_time":191897,"minecraft:interact_with_furnace":56,"minecraft:sleep_in_bed":4,"minecraft:time_since_rest":8148,"minecraft:damage_taken":4235,"minecraft:damage_dealt":14511,"minecraft:swim_one_cm":23555,"minecraft:fly_one_cm":320929,"minecraft:open_chest":26,"minecraft:crouch_one_cm":11862,"minecraft:fall_one_cm":43751,"minecraft:horse_one_cm":417},"minecraft:used":{"minecraft:azalea":1,"minecraft:oak_fence":4,"minecraft:moss_block":1,"minecraft:stone_shovel":136,"minecraft:ladder":2,"minecraft:chest":1,"born_in_chaos_v1:black_argillite":1,"minecraft:iron_sword":305,"minecraft:cooked_chicken":1,"minecraft:stone_hoe":28,"minecraft:iron_chestplate":1,"minecraft:torch":142,"minecraft:dirt":234,"minecraft:carrot":42,"minecraft:granite":3,"born_in_chaos_v1:smoked_flesh":3,"minecraft:lava_bucket":6,"minecraft:lantern":1,"minecraft:iron_axe":79,"minecraft:birch_sapling":2,"minecraft:iron_helmet":1,"minecraft:red_carpet":1,"minecraft:furnace":3,"minecraft:potato":13,"farmersdelight:tomato_seeds":9,"minecraft:wheat_seeds":13,"minecraft:water_bucket":1,"farmersdelight:skillet":11,"minecraft:stone_pickaxe":191,"minecraft:powered_rail":4,"minecraft:oak_planks":64,"minecraft:wooden_pickaxe":7,"minecraft:glow_berries":8,"farmersdelight:onion":3,"minecraft:rail":29,"minecraft:oak_slab":13,"minecraft:crafting_table":6,"minecraft:mushroom_stew":1,"minecraft:white_bed":1,"minecraft:dark_oak_door":2,"minecraft:bread":6,"minecraft:iron_pickaxe":214,"minecraft:gravel":3,"minecraft:stone_axe":48,"minecraft:diamond_sword":138,"minecraft:cobblestone":138,"refurbished_furniture:workbench":1,"minecraft:cooked_porkchop":8,"minecraft:bucket":9,"alexsmobs:animal_dictionary":5,"minecraft:bone_meal":10},"minecraft:broken":{"minecraft:golden_helmet":1,"minecraft:leather_leggings":1,"minecraft:stone_pickaxe":1,"minecraft:iron_sword":1},"minecraft:crafted":{"minecraft:oak_planks":104,"minecraft:stone_shovel":1,"minecraft:cooked_chicken":3,"minecraft:furnace":1,"minecraft:stone":3,"minecraft:bone_meal":9,"minecraft:dark_oak_door":3,"refurbished_furniture:workbench":1,"minecraft:stone_pickaxe":2,"minecraft:chest":1,"minecraft:redstone_block":2,"minecraft:dark_oak_planks":8,"minecraft:stone_hoe":1,"minecraft:oak_slab":18,"minecraft:cooked_porkchop":8,"minecraft:crafting_table":2,"minecraft:wooden_pickaxe":1,"minecraft:iron_sword":3,"minecraft:bucket":2,"minecraft:birch_planks":24,"minecraft:stone_axe":1,"minecraft:air":0,"minecraft:white_wool":3,"minecraft:iron_chestplate":1,"minecraft:stick":36,"minecraft:iron_ingot":91,"minecraft:iron_pickaxe":1,"minecraft:stonecutter":1,"minecraft:white_bed":1,"minecraft:torch":100},"minecraft:killed_by":{"minecraft:stray":1,"minecraft:spider":3,"minecraft:enderman":1,"minecraft:cave_spider":2,"minecraft:skeleton":1,"born_in_chaos_v1:siamese_skeletons":1},"minecraft:picked_up":{"biomesoplenty:redwood_log":16,"born_in_chaos_v1:diamond_termite_shard":4,"minecraft:crafting_table":4,"minecraft:wheat":7,"minecraft:chicken":3,"minecraft:ladder":2,"minecraft:leather_leggings":1,"minecraft:diamond_sword":1,"gravestone:obituary":1,"minecraft:chain":1,"biomesoplenty:redwood_leaves":3,"born_in_chaos_v1:black_argillite":1,"minecraft:raw_copper":19,"minecraft:string":34,"minecraft:candle":16,"minecraft:cobbled_deepslate":2,"born_in_chaos_v1:gnawed_bones":1,"minecraft:azalea":1,"minecraft:birch_sapling":2,"minecraft:furnace":2,"minecraft:dark_oak_door":1,"minecraft:stick":6,"minecraft:raw_iron":91,"born_in_chaos_v1:shattered_skull":1,"farmersdelight:rotten_tomato":1,"minecraft:oak_fence":14,"minecraft:torch":28,"minecraft:porkchop":8,"farmersdelight:tomato_seeds":9,"born_in_chaos_v1:pieceofdarkmetal":2,"minecraft:carrot":65,"minecraft:redstone":36,"minecraft:arrow":3,"minecraft:rotten_flesh":16,"minecraft:tropical_fish":43,"farmersdelight:onion":3,"sophisticatedbackpacks:copper_backpack":3,"minecraft:glow_berries":9,"minecraft:rail":9,"minecraft:cobblestone":161,"born_in_chaos_v1:fused_bone":2,"minecraft:birch_log":6,"born_in_chaos_v1:corpse_maggot":10,"minecraft:feather":4,"born_in_chaos_v1:spiritual_dust":3,"minecraft:andesite":1,"minecraft:potato":11,"minecraft:flint":6,"minecraft:oak_log":90,"skilltree:gem":28,"farmersdelight:tomato":12,"minecraft:dirt":240,"minecraft:lantern":1,"minecraft:red_carpet":1,"minecraft:bone":19,"minecraft:bow":3,"minecraft:wheat_seeds":27,"minecraft:moss_block":1,"minecraft:oak_planks":23,"born_in_chaos_v1:ethereal_spirit":1,"minecraft:dandelion":5,"minecraft:gravel":78,"minecraft:dark_oak_log":2,"minecraft:spider_eye":2,"minecraft:stripped_jungle_log":1,"minecraft:slime_ball":6,"minecraft:granite":15,"minecraft:bone_meal":1,"biomesoplenty:pink_daffodil":14,"minecraft:oak_sapling":10,"minecraft:oak_leaves":208,"minecraft:coal":81},"minecraft:dropped":{"minecraft:feather":4,"minecraft:granite":10,"minecraft:tropical_fish":1,"skilltree:gem":13,"gravestone:obituary":4,"minecraft:gravel":23,"minecraft:cobbled_deepslate":2,"minecraft:bowl":1,"born_in_chaos_v1:ethereal_spirit":1,"minecraft:rotten_flesh":10,"minecraft:oak_planks":1,"born_in_chaos_v1:spiritual_dust":3,"minecraft:carrot":4,"minecraft:diamond_sword":1,"minecraft:andesite":1,"born_in_chaos_v1:corpse_maggot":10,"born_in_chaos_v1:diamond_termite_shard":2,"minecraft:spider_eye":1,"minecraft:slime_ball":6,"minecraft:bow":3},"minecraft:mined":{"minecraft:red_carpet":2,"minecraft:candle":8,"farmersdelight:wild_carrots":33,"minecraft:dark_oak_log":2,"born_in_chaos_v1:infected_diamond_ore":1,"minecraft:cave_vines_plant":3,"gravestone:gravestone":6,"minecraft:ladder":2,"minecraft:granite":15,"minecraft:grass_block":54,"born_in_chaos_v1:black_argillite":1,"farmersdelight:budding_tomatoes":2,"farmersdelight:tomatoes":7,"minecraft:moss_block":1,"minecraft:large_fern":1,"farmersdelight:wild_onions":3,"minecraft:redstone_ore":8,"minecraft:furnace":2,"minecraft:carrots":10,"minecraft:iron_ore":75,"minecraft:andesite":3,"minecraft:potatoes":4,"biomesoplenty:high_grass":9,"minecraft:cave_vines":13,"biomesoplenty:redwood_log":16,"minecraft:deepslate_iron_ore":17,"minecraft:vine":51,"minecraft:rail":8,"minecraft:lantern":1,"minecraft:azalea":1,"minecraft:stone":144,"minecraft:oak_fence":14,"minecraft:crafting_table":4,"minecraft:torch":21,"biomesoplenty:high_grass_plant":12,"minecraft:copper_ore":4,"minecraft:tall_grass":11,"minecraft:cobblestone":21,"minecraft:oak_planks":22,"minecraft:diorite":4,"minecraft:wall_torch":7,"supplementaries:urn":2,"minecraft:dark_oak_door":1,"minecraft:birch_log":6,"minecraft:wheat":10,"biomesoplenty:pink_daffodil":16,"minecraft:birch_leaves":2,"minecraft:grass":47,"minecraft:oak_log":8,"minecraft:coal_ore":82,"biomesoplenty:redwood_leaves":3,"minecraft:gravel":55,"minecraft:dirt":180,"minecraft:cobweb":30,"minecraft:stone_bricks":1,"born_in_chaos_v1:infernal_evil_pumpkin_s":1,"minecraft:mossy_stone_bricks":1,"minecraft:deepslate":1,"minecraft:fern":2},"minecraft:killed":{"minecraft:cave_spider":2,"born_in_chaos_v1:mr_pumpkin":2,"born_in_chaos_v1:restless_spirit":1,"born_in_chaos_v1:door_knight_not_despawn":1,"minecraft:spider":3,"born_in_chaos_v1:skeleton_thrasher_not_despawn":1,"minecraft:slime":8,"born_in_chaos_v1:siamese_skeletonsright":1,"born_in_chaos_v1:baby_skeleton_minion":1,"born_in_chaos_v1:maggot":6,"minecraft:skeleton":5,"minecraft:chicken":3,"born_in_chaos_v1:skeleton_thrasher":1,"born_in_chaos_v1:bonescaller":1,"minecraft:pig":3,"born_in_chaos_v1:diamond_termite":2,"minecraft:zombie_villager":2,"born_in_chaos_v1:baby_skeleton":3,"born_in_chaos_v1:swarmer":1,"minecraft:creeper":2,"born_in_chaos_v1:decrepit_skeleton":5,"minecraft:zombie":17,"born_in_chaos_v1:corpse_fly":8,"born_in_chaos_v1:siamese_skeletonsleft":1,"minecraft:enderman":1}},"DataVersion":3465}