{"stats":{"minecraft:mined":{"farmersdelight:wild_carrots":18,"minecraft:crafting_table":3,"minecraft:torch":3,"minecraft:ladder":2,"gravestone:gravestone":2,"minecraft:granite":5,"minecraft:tall_grass":1,"minecraft:cobblestone":2,"minecraft:oak_planks":2,"supplementaries:urn":2,"minecraft:furnace":2,"minecraft:birch_log":6,"minecraft:iron_ore":36,"minecraft:andesite":3,"minecraft:birch_leaves":1,"minecraft:grass":1,"minecraft:rail":4,"minecraft:coal_ore":61,"minecraft:vine":1,"minecraft:dirt":138,"minecraft:stone":52},"minecraft:killed":{"born_in_chaos_v1:bonescaller":1,"born_in_chaos_v1:swarmer":1,"minecraft:spider":1,"born_in_chaos_v1:siamese_skeletonsright":1,"born_in_chaos_v1:baby_skeleton_minion":1,"born_in_chaos_v1:maggot":3,"minecraft:skeleton":4,"minecraft:zombie":3,"born_in_chaos_v1:corpse_fly":8,"born_in_chaos_v1:siamese_skeletonsleft":1},"minecraft:dropped":{"minecraft:rotten_flesh":5,"born_in_chaos_v1:spiritual_dust":3,"minecraft:carrot":1,"born_in_chaos_v1:corpse_maggot":9,"skilltree:gem":5,"minecraft:slime_ball":6},"minecraft:killed_by":{"minecraft:skeleton":1,"born_in_chaos_v1:siamese_skeletons":1},"minecraft:broken":{"minecraft:stone_pickaxe":1},"minecraft:picked_up":{"born_in_chaos_v1:fused_bone":2,"minecraft:birch_log":6,"born_in_chaos_v1:corpse_maggot":9,"minecraft:crafting_table":3,"minecraft:ladder":2,"born_in_chaos_v1:spiritual_dust":3,"minecraft:andesite":1,"skilltree:gem":17,"minecraft:dirt":136,"minecraft:string":2,"minecraft:bone":4,"minecraft:oak_planks":2,"minecraft:birch_sapling":2,"minecraft:furnace":2,"minecraft:raw_iron":36,"minecraft:stick":1,"minecraft:torch":4,"minecraft:carrot":18,"minecraft:arrow":3,"minecraft:rotten_flesh":8,"minecraft:slime_ball":6,"minecraft:granite":5,"minecraft:glow_berries":1,"minecraft:coal":61,"minecraft:rail":4,"minecraft:cobblestone":54},"minecraft:crafted":{"minecraft:crafting_table":1,"minecraft:wooden_pickaxe":1,"minecraft:iron_sword":1,"minecraft:furnace":1,"minecraft:bucket":1,"minecraft:birch_planks":24,"minecraft:stone_axe":1,"minecraft:air":0,"minecraft:iron_chestplate":1,"minecraft:stick":20,"minecraft:iron_ingot":35,"minecraft:stone_pickaxe":2,"minecraft:torch":48},"minecraft:used":{"minecraft:powered_rail":4,"minecraft:stone_pickaxe":161,"minecraft:oak_planks":1,"minecraft:ladder":2,"minecraft:wooden_pickaxe":7,"minecraft:iron_sword":111,"minecraft:iron_chestplate":1,"minecraft:torch":63,"minecraft:glow_berries":2,"minecraft:dirt":55,"minecraft:rail":24,"minecraft:crafting_table":4,"minecraft:carrot":14,"minecraft:granite":3,"minecraft:birch_sapling":2,"minecraft:stone_axe":4,"minecraft:furnace":3,"alexsmobs:animal_dictionary":3},"minecraft:custom":{"minecraft:interact_with_furnace":15,"lootr:looted_stat":3,"minecraft:mob_kills":24,"minecraft:interact_with_crafting_table":11,"minecraft:damage_dealt_resisted":270,"minecraft:time_since_death":24395,"minecraft:climb_one_cm":1963,"minecraft:time_since_rest":24424,"minecraft:sprint_one_cm":116830,"minecraft:damage_taken":985,"minecraft:walk_one_cm":118929,"minecraft:drop":22,"minecraft:damage_dealt":3502,"minecraft:fly_one_cm":33511,"minecraft:crouch_one_cm":2751,"minecraft:play_time":39429,"minecraft:deaths":2,"minecraft:sneak_time":1757,"minecraft:walk_under_water_one_cm":22,"minecraft:jump":311,"minecraft:walk_on_water_one_cm":2577,"minecraft:total_world_time":39429,"minecraft:fall_one_cm":7452}},"DataVersion":3465}