{"stats":{"minecraft:mined":{"farmersdelight:wild_carrots":18,"minecraft:dark_oak_log":2,"born_in_chaos_v1:infected_diamond_ore":1,"minecraft:crafting_table":3,"minecraft:torch":4,"minecraft:ladder":2,"gravestone:gravestone":2,"minecraft:granite":6,"minecraft:grass_block":48,"minecraft:tall_grass":5,"minecraft:cobblestone":4,"minecraft:oak_planks":5,"supplementaries:urn":2,"minecraft:furnace":2,"minecraft:dark_oak_door":1,"minecraft:birch_log":6,"minecraft:iron_ore":60,"minecraft:andesite":3,"minecraft:birch_leaves":1,"minecraft:grass":11,"minecraft:deepslate_iron_ore":17,"minecraft:rail":4,"minecraft:coal_ore":71,"minecraft:vine":2,"minecraft:dirt":158,"minecraft:azalea":1,"minecraft:stone_bricks":1,"minecraft:stone":56,"minecraft:mossy_stone_bricks":1,"minecraft:deepslate":1},"minecraft:killed":{"born_in_chaos_v1:bonescaller":1,"minecraft:zombie_villager":1,"born_in_chaos_v1:diamond_termite":2,"born_in_chaos_v1:swarmer":1,"minecraft:spider":1,"minecraft:slime":8,"born_in_chaos_v1:siamese_skeletonsright":1,"minecraft:creeper":1,"born_in_chaos_v1:baby_skeleton_minion":1,"born_in_chaos_v1:maggot":3,"minecraft:skeleton":5,"minecraft:zombie":5,"born_in_chaos_v1:corpse_fly":8,"born_in_chaos_v1:siamese_skeletonsleft":1},"minecraft:dropped":{"minecraft:cobbled_deepslate":1,"minecraft:rotten_flesh":5,"minecraft:granite":1,"born_in_chaos_v1:spiritual_dust":3,"minecraft:carrot":1,"minecraft:andesite":1,"born_in_chaos_v1:corpse_maggot":9,"skilltree:gem":8,"born_in_chaos_v1:diamond_termite_shard":2,"minecraft:slime_ball":6,"minecraft:bow":3},"minecraft:killed_by":{"minecraft:skeleton":1,"born_in_chaos_v1:siamese_skeletons":1},"minecraft:broken":{"minecraft:stone_pickaxe":1},"minecraft:picked_up":{"born_in_chaos_v1:fused_bone":2,"minecraft:birch_log":6,"born_in_chaos_v1:corpse_maggot":9,"born_in_chaos_v1:diamond_termite_shard":4,"minecraft:crafting_table":3,"minecraft:ladder":2,"born_in_chaos_v1:spiritual_dust":3,"minecraft:andesite":1,"minecraft:leather_leggings":1,"skilltree:gem":23,"minecraft:dirt":211,"minecraft:string":2,"minecraft:bone":6,"minecraft:bow":3,"minecraft:wheat_seeds":1,"minecraft:cobbled_deepslate":2,"minecraft:azalea":1,"minecraft:oak_planks":5,"minecraft:birch_sapling":2,"minecraft:furnace":2,"minecraft:dark_oak_door":1,"minecraft:raw_iron":77,"minecraft:stick":1,"minecraft:torch":5,"minecraft:dandelion":5,"minecraft:carrot":19,"minecraft:dark_oak_log":2,"minecraft:arrow":3,"minecraft:rotten_flesh":8,"minecraft:slime_ball":6,"minecraft:tropical_fish":43,"minecraft:granite":6,"minecraft:bone_meal":1,"sophisticatedbackpacks:copper_backpack":1,"minecraft:glow_berries":4,"minecraft:coal":70,"minecraft:rail":4,"minecraft:cobblestone":60},"minecraft:crafted":{"minecraft:stone_shovel":1,"minecraft:crafting_table":2,"minecraft:wooden_pickaxe":1,"minecraft:iron_sword":1,"minecraft:furnace":1,"minecraft:bucket":1,"minecraft:birch_planks":24,"minecraft:stone_axe":1,"minecraft:air":0,"minecraft:dark_oak_door":3,"minecraft:iron_chestplate":1,"minecraft:stick":28,"minecraft:iron_ingot":39,"minecraft:iron_pickaxe":1,"minecraft:stone_pickaxe":2,"minecraft:dark_oak_planks":8,"minecraft:torch":64},"minecraft:used":{"minecraft:azalea":1,"farmersdelight:skillet":4,"minecraft:stone_shovel":45,"minecraft:powered_rail":4,"minecraft:stone_pickaxe":180,"minecraft:oak_planks":1,"minecraft:ladder":2,"minecraft:wooden_pickaxe":7,"minecraft:iron_sword":159,"minecraft:iron_chestplate":1,"minecraft:torch":82,"minecraft:glow_berries":5,"minecraft:dirt":211,"minecraft:rail":24,"minecraft:crafting_table":5,"minecraft:carrot":19,"minecraft:granite":3,"minecraft:dark_oak_door":2,"minecraft:bread":5,"minecraft:birch_sapling":2,"minecraft:iron_pickaxe":44,"minecraft:stone_axe":15,"minecraft:furnace":3,"minecraft:bucket":1,"alexsmobs:animal_dictionary":3,"minecraft:bone_meal":1},"minecraft:custom":{"minecraft:interact_with_furnace":23,"lootr:looted_stat":3,"minecraft:mob_kills":39,"minecraft:interact_with_crafting_table":18,"minecraft:damage_dealt_resisted":270,"minecraft:time_since_death":54395,"minecraft:climb_one_cm":19847,"minecraft:time_since_rest":54424,"minecraft:sprint_one_cm":191294,"minecraft:damage_taken":1323,"minecraft:walk_one_cm":184735,"minecraft:drop":32,"minecraft:damage_dealt":5499,"minecraft:damage_dealt_absorbed":80,"minecraft:swim_one_cm":5084,"minecraft:fly_one_cm":80348,"minecraft:crouch_one_cm":8190,"minecraft:play_time":69429,"minecraft:deaths":2,"minecraft:sneak_time":4406,"minecraft:walk_under_water_one_cm":1719,"minecraft:jump":696,"minecraft:walk_on_water_one_cm":5758,"minecraft:total_world_time":69429,"minecraft:fall_one_cm":17522}},"DataVersion":3465}