{"stats":{"minecraft:mined":{"farmersdelight:wild_carrots":18,"born_in_chaos_v1:infected_diamond_ore":1,"minecraft:crafting_table":3,"minecraft:torch":4,"minecraft:ladder":2,"gravestone:gravestone":2,"minecraft:granite":6,"minecraft:tall_grass":5,"minecraft:cobblestone":2,"minecraft:oak_planks":3,"supplementaries:urn":2,"minecraft:furnace":2,"minecraft:birch_log":6,"minecraft:iron_ore":60,"minecraft:andesite":3,"minecraft:birch_leaves":1,"minecraft:grass":4,"minecraft:deepslate_iron_ore":17,"minecraft:rail":4,"minecraft:coal_ore":70,"minecraft:vine":2,"minecraft:dirt":144,"minecraft:azalea":1,"minecraft:stone":56,"minecraft:deepslate":1},"minecraft:killed":{"born_in_chaos_v1:bonescaller":1,"born_in_chaos_v1:diamond_termite":2,"born_in_chaos_v1:swarmer":1,"minecraft:spider":1,"minecraft:slime":8,"born_in_chaos_v1:siamese_skeletonsright":1,"minecraft:creeper":1,"born_in_chaos_v1:baby_skeleton_minion":1,"born_in_chaos_v1:maggot":3,"minecraft:skeleton":5,"minecraft:zombie":5,"born_in_chaos_v1:corpse_fly":8,"born_in_chaos_v1:siamese_skeletonsleft":1},"minecraft:dropped":{"minecraft:rotten_flesh":5,"minecraft:granite":1,"born_in_chaos_v1:spiritual_dust":3,"minecraft:carrot":1,"minecraft:andesite":1,"born_in_chaos_v1:corpse_maggot":9,"skilltree:gem":6,"born_in_chaos_v1:diamond_termite_shard":2,"minecraft:slime_ball":6,"minecraft:bow":3},"minecraft:killed_by":{"minecraft:skeleton":1,"born_in_chaos_v1:siamese_skeletons":1},"minecraft:broken":{"minecraft:stone_pickaxe":1},"minecraft:picked_up":{"born_in_chaos_v1:fused_bone":2,"minecraft:birch_log":6,"born_in_chaos_v1:corpse_maggot":9,"born_in_chaos_v1:diamond_termite_shard":4,"minecraft:crafting_table":3,"minecraft:ladder":2,"born_in_chaos_v1:spiritual_dust":3,"minecraft:andesite":1,"minecraft:leather_leggings":1,"skilltree:gem":22,"minecraft:dirt":142,"minecraft:string":2,"minecraft:bone":6,"minecraft:bow":3,"minecraft:cobbled_deepslate":1,"minecraft:azalea":1,"minecraft:oak_planks":3,"minecraft:birch_sapling":2,"minecraft:furnace":2,"minecraft:raw_iron":77,"minecraft:stick":1,"minecraft:torch":5,"minecraft:carrot":19,"minecraft:arrow":3,"minecraft:rotten_flesh":8,"minecraft:slime_ball":6,"minecraft:tropical_fish":43,"minecraft:granite":6,"minecraft:bone_meal":1,"sophisticatedbackpacks:copper_backpack":1,"minecraft:glow_berries":4,"minecraft:coal":70,"minecraft:rail":4,"minecraft:cobblestone":58},"minecraft:crafted":{"minecraft:crafting_table":1,"minecraft:wooden_pickaxe":1,"minecraft:iron_sword":1,"minecraft:furnace":1,"minecraft:bucket":1,"minecraft:birch_planks":24,"minecraft:stone_axe":1,"minecraft:air":0,"minecraft:iron_chestplate":1,"minecraft:stick":24,"minecraft:iron_ingot":39,"minecraft:iron_pickaxe":1,"minecraft:stone_pickaxe":2,"minecraft:torch":48},"minecraft:used":{"minecraft:azalea":1,"minecraft:powered_rail":4,"minecraft:stone_pickaxe":180,"minecraft:oak_planks":1,"minecraft:ladder":2,"minecraft:wooden_pickaxe":7,"minecraft:iron_sword":153,"minecraft:iron_chestplate":1,"minecraft:torch":75,"minecraft:glow_berries":5,"minecraft:dirt":142,"minecraft:rail":24,"minecraft:crafting_table":4,"minecraft:carrot":19,"minecraft:granite":3,"minecraft:bread":2,"minecraft:birch_sapling":2,"minecraft:iron_pickaxe":39,"minecraft:stone_axe":10,"minecraft:furnace":3,"minecraft:bucket":1,"alexsmobs:animal_dictionary":3,"minecraft:bone_meal":1},"minecraft:custom":{"minecraft:interact_with_furnace":23,"lootr:looted_stat":3,"minecraft:mob_kills":38,"minecraft:interact_with_crafting_table":13,"minecraft:damage_dealt_resisted":270,"minecraft:time_since_death":42395,"minecraft:climb_one_cm":11143,"minecraft:time_since_rest":42424,"minecraft:sprint_one_cm":161701,"minecraft:damage_taken":1148,"minecraft:walk_one_cm":158381,"minecraft:drop":29,"minecraft:damage_dealt":5174,"minecraft:damage_dealt_absorbed":80,"minecraft:swim_one_cm":5084,"minecraft:fly_one_cm":60615,"minecraft:crouch_one_cm":5239,"minecraft:play_time":57429,"minecraft:deaths":2,"minecraft:sneak_time":3554,"minecraft:walk_under_water_one_cm":1719,"minecraft:jump":551,"minecraft:walk_on_water_one_cm":5758,"minecraft:total_world_time":57429,"minecraft:fall_one_cm":10624}},"DataVersion":3465}