{"stats":{"minecraft:mined":{"minecraft:dirt":63},"minecraft:killed":{"minecraft:spider":1},"minecraft:picked_up":{"minecraft:string":2,"minecraft:dirt":63},"minecraft:custom":{"minecraft:jump":18,"minecraft:time_since_rest":3429,"minecraft:damage_dealt":160,"minecraft:crouch_one_cm":406,"minecraft:damage_taken":220,"minecraft:sprint_one_cm":1733,"minecraft:play_time":3429,"minecraft:walk_on_water_one_cm":220,"minecraft:time_since_death":3429,"minecraft:walk_one_cm":6182,"minecraft:sneak_time":151,"minecraft:total_world_time":3429,"minecraft:mob_kills":1,"minecraft:fall_one_cm":1451,"minecraft:fly_one_cm":1213}},"DataVersion":3465}