{"stats":{"minecraft:crafted":{"minecraft:oak_planks":20,"minecraft:crafting_table":1,"minecraft:stone_axe":1,"minecraft:shield":1,"minecraft:stick":8,"minecraft:stone_pickaxe":1,"minecraft:stone_sword":1},"minecraft:killed_by":{"minecraft:cave_spider":1,"minecraft:spider":1,"born_in_chaos_v1:zombie_clown":1,"born_in_chaos_v1:dread_hound":1,"iceandfire:fire_dragon":3},"minecraft:killed":{"minecraft:cave_spider":1,"born_in_chaos_v1:door_knight_not_despawn":1,"minecraft:spider":4,"born_in_chaos_v1:siamese_skeletonsright":1,"born_in_chaos_v1:decrepit_skeleton":2,"born_in_chaos_v1:maggot":2,"minecraft:zombie":3,"born_in_chaos_v1:dread_hound":1,"minecraft:chicken":1,"born_in_chaos_v1:siamese_skeletonsleft":1,"minecraft:cow":1},"minecraft:dropped":{"minecraft:lily_of_the_valley":1,"gravestone:obituary":2},"minecraft:custom":{"lootr:looted_stat":12,"minecraft:mob_kills":18,"minecraft:interact_with_crafting_table":8,"minecraft:open_barrel":8,"minecraft:damage_dealt_resisted":675,"minecraft:leave_game":4,"minecraft:time_since_death":588,"minecraft:climb_one_cm":228,"minecraft:time_since_rest":613,"minecraft:sprint_one_cm":89112,"minecraft:damage_taken":2310,"minecraft:walk_one_cm":61002,"minecraft:damage_blocked_by_shield":210,"minecraft:drop":3,"minecraft:damage_dealt":3229,"minecraft:swim_one_cm":13013,"minecraft:fly_one_cm":146534,"minecraft:crouch_one_cm":483,"minecraft:play_time":41075,"minecraft:deaths":8,"minecraft:sneak_time":395,"minecraft:walk_under_water_one_cm":3684,"minecraft:jump":687,"minecraft:walk_on_water_one_cm":3327,"minecraft:total_world_time":41075,"minecraft:fall_one_cm":23260},"minecraft:picked_up":{"born_in_chaos_v1:fused_bone":2,"minecraft:crafting_table":1,"minecraft:feather":1,"minecraft:chicken":1,"minecraft:leather":1,"minecraft:wooden_pickaxe":1,"minecraft:oak_log":5,"minecraft:dirt":5,"minecraft:string":3,"minecraft:wooden_sword":1,"minecraft:bone":2,"minecraft:wheat_seeds":16,"minecraft:gold_nugget":24,"minecraft:iron_ingot":1,"minecraft:beef":2,"minecraft:sugar_cane":10,"minecraft:birch_sapling":1,"minecraft:lily_of_the_valley":2,"minecraft:spider_eye":3,"minecraft:arrow":1,"minecraft:rotten_flesh":7,"supplementaries:ash":1,"minecraft:oak_sapling":2,"minecraft:cobblestone":21},"minecraft:used":{"minecraft:stone_sword":39,"minecraft:stone_pickaxe":24,"minecraft:wooden_pickaxe":3,"minecraft:shield":10,"minecraft:iron_sword":27,"minecraft:crafting_table":2,"born_in_chaos_v1:smoked_flesh":9,"minecraft:stone_axe":5,"minecraft:cobblestone":10},"minecraft:mined":{"minecraft:crafting_table":1,"gravestone:gravestone":6,"biomesoplenty:bush":1,"minecraft:grass_block":2,"minecraft:tall_grass":4,"minecraft:cobblestone":2,"minecraft:sugar_cane":4,"minecraft:spawner":5,"minecraft:lilac":1,"minecraft:grass":2,"biomesoplenty:clover":1,"minecraft:oak_log":5,"iceandfire:gold_pile":1,"minecraft:dirt":3,"minecraft:stone":19,"minecraft:oak_leaves":1}},"DataVersion":3465}