{"stats":{"minecraft:crafted":{"minecraft:oak_planks":20,"minecraft:shield":1,"minecraft:crafting_table":1,"minecraft:stick":8,"minecraft:stone_pickaxe":1,"minecraft:stone_sword":1,"minecraft:stone_axe":1},"minecraft:killed_by":{"born_in_chaos_v1:zombie_clown":1,"minecraft:cave_spider":1},"minecraft:killed":{"minecraft:cave_spider":1,"minecraft:zombie":3,"minecraft:chicken":1,"born_in_chaos_v1:door_knight_not_despawn":1,"minecraft:spider":3,"born_in_chaos_v1:decrepit_skeleton":2,"born_in_chaos_v1:maggot":2},"minecraft:dropped":{"minecraft:lily_of_the_valley":1},"minecraft:picked_up":{"minecraft:crafting_table":1,"minecraft:feather":1,"minecraft:chicken":1,"minecraft:wooden_pickaxe":1,"minecraft:oak_log":5,"minecraft:lily_of_the_valley":2,"minecraft:spider_eye":3,"minecraft:string":2,"minecraft:dirt":2,"minecraft:wooden_sword":1,"minecraft:bone":2,"minecraft:arrow":1,"minecraft:rotten_flesh":7,"minecraft:wheat_seeds":16,"minecraft:iron_ingot":1,"supplementaries:ash":1,"minecraft:oak_sapling":2,"minecraft:sugar_cane":10,"minecraft:birch_sapling":1,"minecraft:cobblestone":19},"minecraft:custom":{"minecraft:time_since_rest":3198,"lootr:looted_stat":7,"minecraft:sprint_one_cm":53268,"minecraft:damage_taken":695,"minecraft:walk_one_cm":50176,"minecraft:damage_blocked_by_shield":210,"minecraft:mob_kills":13,"minecraft:drop":1,"minecraft:damage_dealt":2454,"minecraft:swim_one_cm":7602,"minecraft:interact_with_crafting_table":8,"minecraft:fly_one_cm":70347,"minecraft:open_barrel":8,"minecraft:crouch_one_cm":285,"minecraft:play_time":29075,"minecraft:deaths":2,"minecraft:sneak_time":176,"minecraft:walk_under_water_one_cm":3320,"minecraft:damage_dealt_resisted":675,"minecraft:jump":367,"minecraft:leave_game":4,"minecraft:time_since_death":3169,"minecraft:walk_on_water_one_cm":2393,"minecraft:climb_one_cm":228,"minecraft:total_world_time":29075,"minecraft:fall_one_cm":14488},"minecraft:used":{"born_in_chaos_v1:smoked_flesh":6,"minecraft:stone_sword":39,"minecraft:stone_pickaxe":21,"minecraft:shield":10,"minecraft:wooden_pickaxe":3,"minecraft:iron_sword":14,"minecraft:stone_axe":5,"minecraft:crafting_table":2},"minecraft:mined":{"gravestone:gravestone":1,"minecraft:crafting_table":1,"minecraft:grass":2,"biomesoplenty:clover":1,"minecraft:grass_block":1,"minecraft:oak_log":5,"minecraft:dirt":1,"minecraft:tall_grass":4,"minecraft:stone":19,"minecraft:sugar_cane":4,"minecraft:spawner":5}},"DataVersion":3465}