{"stats":{"minecraft:crafted":{"minecraft:oak_planks":20,"minecraft:crafting_table":1},"minecraft:killed_by":{"born_in_chaos_v1:zombie_clown":1},"minecraft:dropped":{"minecraft:lily_of_the_valley":1},"minecraft:picked_up":{"minecraft:wooden_sword":1,"minecraft:arrow":1,"minecraft:wooden_pickaxe":1,"minecraft:oak_log":5,"minecraft:oak_sapling":2,"minecraft:lily_of_the_valley":2,"minecraft:sugar_cane":10,"minecraft:birch_sapling":1},"minecraft:custom":{"minecraft:time_since_rest":4475,"minecraft:crouch_one_cm":187,"minecraft:sprint_one_cm":33316,"minecraft:play_time":17075,"minecraft:deaths":1,"minecraft:damage_taken":280,"minecraft:walk_one_cm":11519,"minecraft:sneak_time":154,"minecraft:drop":1,"minecraft:jump":199,"minecraft:damage_dealt":103,"minecraft:leave_game":4,"minecraft:walk_on_water_one_cm":382,"minecraft:time_since_death":4443,"minecraft:total_world_time":17075,"minecraft:interact_with_crafting_table":1,"minecraft:fly_one_cm":41655,"minecraft:fall_one_cm":8439},"minecraft:used":{"minecraft:crafting_table":1,"minecraft:wooden_pickaxe":1},"minecraft:mined":{"biomesoplenty:clover":1,"minecraft:oak_log":5,"minecraft:stone":1,"minecraft:sugar_cane":4}},"DataVersion":3465}