{"stats":{"minecraft:crafted":{"minecraft:oak_planks":28,"sophisticatedbackpacks:backpack":1,"minecraft:crafting_table":2,"minecraft:stone_axe":1,"minecraft:shield":1,"minecraft:stick":8,"minecraft:stone_pickaxe":1,"minecraft:chest":1,"minecraft:stone_sword":1},"minecraft:killed_by":{"minecraft:cave_spider":1,"minecraft:skeleton":1,"minecraft:spider":1,"minecraft:witch":2,"born_in_chaos_v1:zombie_clown":1,"born_in_chaos_v1:dread_hound":1,"iceandfire:fire_dragon":3},"minecraft:killed":{"minecraft:cave_spider":1,"minecraft:witch":3,"born_in_chaos_v1:door_knight_not_despawn":1,"minecraft:spider":4,"born_in_chaos_v1:siamese_skeletonsright":1,"born_in_chaos_v1:decrepit_skeleton":2,"born_in_chaos_v1:maggot":9,"minecraft:skeleton":4,"minecraft:zombie":18,"born_in_chaos_v1:dread_hound":1,"minecraft:chicken":1,"born_in_chaos_v1:corpse_fish":1,"born_in_chaos_v1:siamese_skeletonsleft":1,"minecraft:cow":1},"minecraft:dropped":{"minecraft:pumpkin_seeds":18,"minecraft:lily_of_the_valley":1,"minecraft:diamond_sword":1,"gravestone:obituary":3},"minecraft:custom":{"lootr:looted_stat":14,"minecraft:mob_kills":49,"minecraft:interact_with_crafting_table":11,"minecraft:open_barrel":8,"minecraft:damage_dealt_resisted":1270,"minecraft:leave_game":4,"minecraft:time_since_death":8238,"minecraft:climb_one_cm":3348,"minecraft:time_since_rest":8266,"minecraft:sprint_one_cm":110097,"minecraft:damage_taken":3428,"minecraft:walk_one_cm":89939,"minecraft:damage_blocked_by_shield":2065,"minecraft:drop":6,"minecraft:damage_dealt":8791,"minecraft:swim_one_cm":17700,"minecraft:fly_one_cm":163987,"minecraft:crouch_one_cm":1396,"minecraft:play_time":53075,"minecraft:deaths":11,"minecraft:sneak_time":848,"minecraft:walk_under_water_one_cm":4371,"minecraft:jump":815,"minecraft:walk_on_water_one_cm":4329,"minecraft:total_world_time":53075,"minecraft:fall_one_cm":24845},"minecraft:picked_up":{"born_in_chaos_v1:fused_bone":2,"born_in_chaos_v1:corpse_maggot":1,"minecraft:crafting_table":1,"minecraft:feather":1,"minecraft:chicken":1,"minecraft:leather":1,"minecraft:diamond_sword":1,"minecraft:wooden_pickaxe":1,"minecraft:oak_log":7,"gravestone:obituary":4,"minecraft:golden_boots":1,"minecraft:dirt":5,"minecraft:string":3,"minecraft:wooden_sword":1,"minecraft:experience_bottle":11,"minecraft:bone":4,"minecraft:wheat_seeds":16,"minecraft:gold_nugget":24,"minecraft:iron_ingot":1,"minecraft:beef":2,"minecraft:sugar_cane":10,"minecraft:birch_sapling":1,"minecraft:iron_boots":1,"minecraft:stick":1,"sophisticatedbackpacks:backpack":1,"minecraft:golden_axe":1,"sophisticatedbackpacks:iron_backpack":2,"minecraft:lily_of_the_valley":2,"minecraft:golden_chestplate":1,"minecraft:spider_eye":6,"minecraft:pumpkin_seeds":18,"minecraft:arrow":3,"minecraft:rotten_flesh":16,"minecraft:iron_helmet":1,"supplementaries:ash":1,"minecraft:oak_sapling":2,"minecraft:cobblestone":21},"minecraft:used":{"sophisticatedbackpacks:iron_backpack":1,"minecraft:stone_sword":39,"minecraft:stone_pickaxe":28,"minecraft:wooden_pickaxe":3,"minecraft:shield":68,"minecraft:iron_sword":30,"minecraft:crafting_table":3,"minecraft:carrot":7,"sophisticatedbackpacks:backpack":1,"born_in_chaos_v1:smoked_flesh":9,"minecraft:stone_axe":7,"minecraft:diamond_sword":70,"minecraft:cobblestone":13},"minecraft:mined":{"minecraft:crafting_table":1,"gravestone:gravestone":9,"biomesoplenty:bush":1,"minecraft:grass_block":2,"sophisticatedbackpacks:iron_backpack":1,"minecraft:tall_grass":4,"minecraft:cobblestone":2,"minecraft:sugar_cane":4,"minecraft:spawner":8,"minecraft:lilac":1,"minecraft:vine":2,"minecraft:grass":2,"biomesoplenty:clover":1,"minecraft:oak_log":7,"iceandfire:gold_pile":1,"minecraft:dirt":3,"minecraft:stone":19,"sophisticatedbackpacks:backpack":1,"minecraft:oak_leaves":1}},"DataVersion":3465}