{"stats":{"minecraft:mined":{"biomesoplenty:watergrass":3,"minecraft:crafting_table":1,"gravestone:gravestone":13,"biomesoplenty:bush":1,"minecraft:grass_block":2,"sophisticatedbackpacks:iron_backpack":1,"minecraft:tall_grass":6,"minecraft:cobblestone":3,"minecraft:sugar_cane":4,"minecraft:damaged_anvil":1,"minecraft:spawner":12,"minecraft:birch_log":3,"minecraft:lilac":1,"biomesoplenty:high_grass":1,"minecraft:smooth_stone_slab":1,"minecraft:grass":8,"biomesoplenty:clover":1,"minecraft:vine":2,"minecraft:oak_log":7,"iceandfire:gold_pile":1,"minecraft:dirt":6,"minecraft:stone":19,"sophisticatedbackpacks:backpack":1,"minecraft:oak_leaves":1},"minecraft:killed":{"minecraft:cave_spider":1,"minecraft:witch":4,"born_in_chaos_v1:door_knight_not_despawn":1,"minecraft:spider":5,"born_in_chaos_v1:siamese_skeletonsright":1,"born_in_chaos_v1:decrepit_skeleton":2,"born_in_chaos_v1:maggot":9,"minecraft:skeleton":10,"minecraft:zombie":21,"born_in_chaos_v1:dread_hound":2,"minecraft:chicken":1,"born_in_chaos_v1:corpse_fish":1,"born_in_chaos_v1:siamese_skeletonsleft":1,"minecraft:cow":1},"minecraft:dropped":{"minecraft:iron_helmet":2,"sophisticatedbackpacks:backpack":1,"rpgsmw:class_remove_orb":1,"minecraft:pumpkin_seeds":18,"minecraft:lily_of_the_valley":1,"minecraft:diamond_sword":1,"rpgsmw:class_choose_orb":1,"gravestone:obituary":5},"minecraft:killed_by":{"minecraft:cave_spider":1,"born_in_chaos_v1:nightmare_stalker":1,"minecraft:skeleton":2,"minecraft:creeper":1,"minecraft:spider":1,"minecraft:witch":2,"born_in_chaos_v1:zombie_clown":1,"born_in_chaos_v1:dread_hound":1,"iceandfire:fire_dragon":3},"minecraft:picked_up":{"born_in_chaos_v1:fused_bone":2,"minecraft:birch_log":3,"born_in_chaos_v1:corpse_maggot":4,"minecraft:crafting_table":1,"minecraft:leather_chestplate":1,"minecraft:feather":1,"minecraft:chicken":1,"minecraft:leather":1,"minecraft:diamond_sword":1,"minecraft:wooden_pickaxe":1,"minecraft:potion":1,"minecraft:oak_log":7,"gravestone:obituary":4,"minecraft:golden_boots":1,"minecraft:golden_sword":1,"minecraft:string":3,"minecraft:dirt":5,"minecraft:iron_axe":1,"minecraft:wooden_sword":1,"minecraft:smooth_stone_slab":2,"minecraft:experience_bottle":25,"minecraft:bone":12,"minecraft:wheat_seeds":16,"minecraft:gold_nugget":24,"minecraft:spruce_planks":1,"minecraft:iron_ingot":1,"minecraft:beef":2,"minecraft:moss_block":1,"minecraft:sugar_cane":10,"minecraft:birch_sapling":1,"minecraft:oak_planks":2,"minecraft:iron_boots":1,"minecraft:golden_helmet":1,"minecraft:stick":1,"minecraft:quartz":1,"sophisticatedbackpacks:backpack":1,"minecraft:golden_axe":2,"sophisticatedbackpacks:iron_backpack":2,"minecraft:trident":1,"minecraft:lily_of_the_valley":2,"minecraft:spider_eye":6,"minecraft:golden_chestplate":1,"minecraft:rabbit_foot":1,"minecraft:leather_helmet":1,"minecraft:pumpkin_seeds":18,"minecraft:arrow":16,"minecraft:rotten_flesh":22,"minecraft:iron_helmet":4,"supplementaries:ash":1,"minecraft:oak_sapling":2,"minecraft:damaged_anvil":1,"minecraft:cobblestone":21,"minecraft:wooden_axe":1},"minecraft:crafted":{"minecraft:oak_planks":28,"sophisticatedbackpacks:backpack":1,"minecraft:crafting_table":2,"minecraft:birch_planks":12,"minecraft:stone_axe":1,"minecraft:shield":1,"minecraft:stick":8,"minecraft:stone_pickaxe":1,"minecraft:stone_sword":1,"minecraft:chest":1},"minecraft:used":{"sophisticatedbackpacks:iron_backpack":1,"minecraft:stone_sword":39,"minecraft:stone_pickaxe":35,"minecraft:wooden_pickaxe":3,"minecraft:shield":93,"minecraft:iron_sword":30,"minecraft:crafting_table":3,"minecraft:carrot":7,"born_in_chaos_v1:smoked_flesh":9,"sophisticatedbackpacks:backpack":1,"minecraft:diamond_sword":94,"minecraft:stone_axe":11,"minecraft:cobblestone":13,"minecraft:experience_bottle":25},"minecraft:custom":{"lootr:looted_stat":23,"minecraft:mob_kills":62,"minecraft:interact_with_crafting_table":13,"minecraft:open_barrel":14,"minecraft:damage_dealt_resisted":1270,"minecraft:leave_game":5,"minecraft:time_since_death":660,"minecraft:climb_one_cm":4197,"minecraft:time_since_rest":685,"minecraft:sprint_one_cm":134803,"minecraft:damage_taken":4305,"minecraft:walk_one_cm":124350,"minecraft:damage_blocked_by_shield":2995,"minecraft:drop":13,"minecraft:damage_dealt":10829,"minecraft:player_kills":1,"minecraft:talked_to_villager":1,"minecraft:swim_one_cm":23466,"minecraft:fly_one_cm":187999,"minecraft:play_time":77776,"minecraft:crouch_one_cm":3928,"minecraft:sneak_time":1682,"minecraft:deaths":15,"minecraft:walk_under_water_one_cm":4580,"minecraft:boat_one_cm":48674,"minecraft:jump":1192,"minecraft:walk_on_water_one_cm":9382,"minecraft:total_world_time":77776,"minecraft:fall_one_cm":32335}},"DataVersion":3465}