{"stats":{"minecraft:custom":{"minecraft:time_since_rest":6861,"lootr:looted_stat":5,"minecraft:sprint_one_cm":45557,"minecraft:damage_taken":615,"minecraft:walk_one_cm":20874,"minecraft:damage_blocked_by_shield":150,"minecraft:mob_kills":3,"minecraft:drop":3,"minecraft:damage_dealt":870,"minecraft:interact_with_crafting_table":6,"minecraft:fly_one_cm":63687,"minecraft:open_barrel":5,"minecraft:crouch_one_cm":268,"minecraft:play_time":13184,"minecraft:deaths":2,"minecraft:sneak_time":166,"minecraft:jump":261,"minecraft:time_since_death":6820,"minecraft:total_world_time":13184,"minecraft:fall_one_cm":14500},"minecraft:used":{"minecraft:wooden_axe":5,"minecraft:bread":4,"minecraft:shield":8,"minecraft:wooden_pickaxe":4,"minecraft:wooden_sword":17,"minecraft:beef":1,"minecraft:crafting_table":2,"alexsmobs:animal_dictionary":1},"minecraft:crafted":{"minecraft:wooden_sword":2,"minecraft:shield":1,"minecraft:crafting_table":2,"minecraft:stick":12,"minecraft:wooden_pickaxe":1,"minecraft:wooden_axe":1,"minecraft:birch_planks":104,"minecraft:stone_axe":1},"minecraft:killed_by":{"alexsmobs:bison":2},"minecraft:picked_up":{"minecraft:birch_log":27,"minecraft:stick":2,"minecraft:crafting_table":1,"minecraft:dandelion":2,"alexsmobs:bison_fur":2,"minecraft:carrot":1,"minecraft:bone":4,"minecraft:arrow":4,"minecraft:wheat_seeds":3,"minecraft:beef":6,"minecraft:birch_sapling":2,"minecraft:cobblestone":4},"minecraft:mined":{"minecraft:birch_log":10,"farmersdelight:wild_carrots":1,"minecraft:birch_leaves":1,"minecraft:dandelion":3,"minecraft:crafting_table":1,"gravestone:gravestone":1,"minecraft:grass":31,"biomesoplenty:high_grass":2,"biomesoplenty:high_grass_plant":5,"minecraft:cobblestone":3,"minecraft:tall_grass":2,"minecraft:stone":1},"minecraft:dropped":{"minecraft:wheat_seeds":1,"minecraft:dandelion":2},"minecraft:killed":{"minecraft:skeleton":2,"alexsmobs:bison":1}},"DataVersion":3465}