{"stats":{"minecraft:custom":{"minecraft:time_since_rest":861,"minecraft:deaths":2,"minecraft:crouch_one_cm":139,"minecraft:play_time":7184,"minecraft:sprint_one_cm":22637,"minecraft:walk_one_cm":6355,"minecraft:damage_taken":480,"minecraft:sneak_time":41,"minecraft:mob_kills":1,"minecraft:drop":3,"minecraft:jump":175,"minecraft:damage_dealt":470,"minecraft:time_since_death":820,"minecraft:total_world_time":7184,"minecraft:interact_with_crafting_table":1,"minecraft:fall_one_cm":10812,"minecraft:fly_one_cm":48978},"minecraft:used":{"minecraft:wooden_sword":12,"minecraft:beef":1,"minecraft:crafting_table":1,"alexsmobs:animal_dictionary":1},"minecraft:crafted":{"minecraft:wooden_sword":1,"minecraft:birch_planks":8,"minecraft:crafting_table":1,"minecraft:stick":4},"minecraft:killed_by":{"alexsmobs:bison":2},"minecraft:picked_up":{"minecraft:birch_log":3,"minecraft:crafting_table":1,"minecraft:dandelion":2,"minecraft:wheat_seeds":3,"alexsmobs:bison_fur":2,"minecraft:beef":6},"minecraft:dropped":{"minecraft:wheat_seeds":1,"minecraft:dandelion":2},"minecraft:mined":{"gravestone:gravestone":1,"minecraft:grass":31,"biomesoplenty:high_grass":2,"biomesoplenty:high_grass_plant":5,"minecraft:birch_log":3,"minecraft:tall_grass":2,"minecraft:dandelion":3,"minecraft:crafting_table":1},"minecraft:killed":{"alexsmobs:bison":1}},"DataVersion":3465}