{"stats":{"minecraft:crafted":{"minecraft:oak_planks":68,"minecraft:birch_boat":1,"minecraft:cooked_mutton":11,"minecraft:bow":1,"minecraft:chest":4,"minecraft:crafting_table":7,"minecraft:spruce_planks":12,"minecraft:wooden_pickaxe":2,"minecraft:iron_helmet":1,"minecraft:gold_block":22,"minecraft:birch_planks":84,"minecraft:iron_chestplate":1,"minecraft:shield":2,"minecraft:stick":56,"minecraft:iron_ingot":83,"minecraft:iron_pickaxe":2,"minecraft:gold_ingot":216,"minecraft:shears":1,"minecraft:cherry_planks":12,"minecraft:wooden_sword":1,"minecraft:furnace":4,"born_in_chaos_v1:nightmare_mantleofthe_night_helmet":1,"minecraft:iron_axe":2,"minecraft:stone_pickaxe":3,"minecraft:spruce_boat":2,"iceandfire:armor_silver_metal_boots":1,"sophisticatedbackpacks:iron_backpack":1,"minecraft:cooked_cod":64,"iceandfire:silver_ingot":17,"sophisticatedbackpacks:gold_backpack":1,"minecraft:air":0,"minecraft:oak_boat":1,"minecraft:wooden_axe":1,"minecraft:iron_leggings":1,"minecraft:white_bed":1,"rpgsmw:iron_battle_axe":1,"minecraft:torch":88},"minecraft:used":{"minecraft:spruce_slab":1,"minecraft:chest":4,"minecraft:shield":1,"minecraft:iron_sword":169,"minecraft:tuff":2,"minecraft:spruce_boat":4,"born_in_chaos_v1:corpse_maggot":10,"born_in_chaos_v1:smoked_flesh":8,"minecraft:crimson_roots":1,"born_in_chaos_v1:black_argillite_brick":6,"born_in_chaos_v1:nightmare_stalker_skull":5,"minecraft:magma_block":3,"minecraft:bow":11,"supplementaries:ash":2,"minecraft:furnace":5,"minecraft:cooked_cod":30,"minecraft:stone_pickaxe":233,"minecraft:prismarine":2,"minecraft:wooden_pickaxe":7,"minecraft:diamond_axe":40,"minecraft:sand":1,"minecraft:shears":7,"born_in_chaos_v1:monster_flesh":3,"minecraft:bread":18,"minecraft:gravel":4,"minecraft:wooden_sword":2,"born_in_chaos_v1:rotten_fish":2,"minecraft:birch_log":2,"minecraft:oak_boat":1,"rpgsmw:iron_battle_axe":27,"minecraft:coarse_dirt":6,"minecraft:cooked_salmon":3,"minecraft:torch":146,"minecraft:dirt":44,"minecraft:wooden_axe":11,"born_in_chaos_v1:nightmare_mantleofthe_night_helmet":1,"minecraft:iron_axe":89,"minecraft:mud_bricks":1,"minecraft:cobbled_deepslate":30,"sophisticatedbackpacks:gold_backpack":1,"minecraft:cooked_mutton":12,"minecraft:water_bucket":3,"minecraft:birch_planks":6,"minecraft:birch_boat":1,"minecraft:crafting_table":15,"minecraft:white_bed":2,"minecraft:apple":1,"minecraft:iron_pickaxe":550,"minecraft:cobblestone":123,"minecraft:bucket":3},"minecraft:mined":{"minecraft:spruce_planks":7,"minecraft:white_bed":1,"iceandfire:copper_pile":1,"sophisticatedbackpacks:gold_backpack":1,"minecraft:grass_block":2,"minecraft:mud_bricks":1,"minecraft:spawner":16,"minecraft:magma_block":2,"minecraft:iron_ore":73,"minecraft:cobbled_deepslate":1,"minecraft:deepslate_lapis_ore":3,"iceandfire:gold_pile":149,"minecraft:spruce_slab":1,"biomesoplenty:wildflower":2,"iceandfire:podium_acacia":1,"minecraft:torch":5,"minecraft:cobblestone":33,"minecraft:sugar_cane":51,"minecraft:grindstone":1,"minecraft:prismarine":6,"minecraft:oak_planks":7,"minecraft:wall_torch":4,"minecraft:cauldron":1,"minecraft:deepslate_copper_ore":2,"minecraft:dark_oak_slab":1,"minecraft:birch_log":23,"born_in_chaos_v1:black_argillite_brick":9,"minecraft:grass":6,"minecraft:sand":2,"minecraft:dirt":32,"minecraft:deepslate":200,"biomesoplenty:reed":4,"minecraft:dark_prismarine":4,"minecraft:tuff":2,"biomesoplenty:watergrass":2,"iceandfire:silver_ore":22,"minecraft:deepslate_diamond_ore":3,"born_in_chaos_v1:nightmare_stalker_skull":5,"born_in_chaos_v1:infected_diamond_ore":2,"gravestone:gravestone":13,"biomesoplenty:bush":1,"minecraft:spruce_fence":1,"minecraft:crimson_roots":1,"minecraft:cartography_table":1,"minecraft:furnace":2,"minecraft:peony":1,"minecraft:gold_block":1,"minecraft:bell":1,"biomesoplenty:high_grass":7,"minecraft:deepslate_iron_ore":10,"minecraft:lantern":1,"irons_spellbooks:firefly_jar":1,"minecraft:stone":116,"minecraft:white_wool":8,"iceandfire:pixie_jar_empty":1,"minecraft:crafting_table":9,"biomesoplenty:high_grass_plant":2,"minecraft:tall_grass":12,"minecraft:deepslate_coal_ore":1,"minecraft:lapis_ore":2,"supplementaries:urn":30,"farmersdelight:wild_beetroots":1,"minecraft:birch_planks":6,"minecraft:coarse_dirt":7,"minecraft:spruce_log":3,"minecraft:birch_leaves":5,"minecraft:white_wall_banner":2,"minecraft:coal_ore":86,"minecraft:gravel":8,"minecraft:cobweb":34},"minecraft:picked_up":{"irons_spellbooks:scroll":3,"minecraft:string":42,"minecraft:raw_copper":21,"minecraft:iron_leggings":1,"minecraft:experience_bottle":3,"minecraft:sea_pickle":1,"irons_spellbooks:arcane_essence":2,"minecraft:gold_nugget":1968,"minecraft:cobbled_deepslate":384,"minecraft:spruce_planks":8,"born_in_chaos_v1:nightmare_mantleofthe_night_helmet":1,"rpgsmw:rawmiphrilignot":6,"minecraft:furnace":2,"minecraft:iron_boots":1,"minecraft:mangrove_log":2,"minecraft:stick":4,"born_in_chaos_v1:shattered_skull":1,"minecraft:oak_fence":2,"minecraft:torch":27,"minecraft:dried_kelp":2,"minecraft:cherry_log":3,"born_in_chaos_v1:nightmare_claw":2,"minecraft:cauldron":1,"born_in_chaos_v1:damned_demomans_hat_helmet":1,"minecraft:rotten_flesh":41,"supplementaries:ash":112,"minecraft:cobblestone":163,"minecraft:birch_log":23,"minecraft:magma_block":4,"minecraft:water_bucket":1,"minecraft:flint":1,"minecraft:tuff":2,"supplementaries:flax_seeds":15,"minecraft:lapis_lazuli":27,"skilltree:gem":28,"minecraft:dirt":70,"minecraft:lantern":1,"born_in_chaos_v1:nightmare_stalker_skull":6,"born_in_chaos_v1:monster_skin":9,"minecraft:bone":41,"minecraft:wheat_seeds":3,"minecraft:raw_gold":6,"minecraft:bell":1,"minecraft:grindstone":1,"minecraft:prismarine":6,"minecraft:oak_planks":7,"minecraft:sand":54,"alexsmobs:animal_dictionary":1,"minecraft:mossy_cobblestone":4,"minecraft:dark_prismarine":4,"rpgsmw:class_choose_orb":1,"minecraft:diamond":3,"minecraft:spruce_boat":3,"waystones:waystone":1,"rpgsmw:class_remove_orb":1,"minecraft:emerald":41,"alexsmobs:maggot":3,"born_in_chaos_v1:rotten_fish":3,"minecraft:crimson_roots":1,"iceandfire:raw_silver":22,"minecraft:crafting_table":9,"sophisticatedbackpacks:gold_backpack":1,"minecraft:coarse_dirt":9,"born_in_chaos_v1:diamond_termite_shard":4,"minecraft:wooden_pickaxe":1,"minecraft:gold_block":1,"minecraft:chain":3,"gravestone:obituary":7,"minecraft:iron_axe":1,"born_in_chaos_v1:black_argillite_brick":9,"iceandfire:bestiary":1,"minecraft:cartography_table":1,"minecraft:oak_boat":1,"minecraft:iron_nugget":54,"minecraft:spruce_slab":1,"biomesoplenty:wildflower":2,"minecraft:sugar_cane":100,"iceandfire:podium_acacia":1,"minecraft:birch_sapling":1,"minecraft:raw_iron":83,"minecraft:sandstone":2,"sophisticatedbackpacks:backpack":3,"minecraft:spruce_fence":1,"born_in_chaos_v1:pieceofdarkmetal":5,"minecraft:arrow":6,"minecraft:beetroot_seeds":1,"minecraft:gold_ingot":2,"minecraft:mutton":11,"minecraft:white_wool":15,"born_in_chaos_v1:corpse_maggot":17,"minecraft:mud_bricks":1,"born_in_chaos_v1:monster_flesh":2,"minecraft:salmon":2,"minecraft:birch_planks":6,"minecraft:gunpowder":2,"minecraft:white_banner":2,"iceandfire:pixie_jar_empty":1,"farmersdelight:cooking_pot":2,"minecraft:kelp":1,"minecraft:iron_ingot":2,"minecraft:stone_pickaxe":3,"iceandfire:copper_nugget":8,"minecraft:dark_oak_slab":2,"born_in_chaos_v1:ethereal_spirit":9,"minecraft:gravel":16,"born_in_chaos_v1:dark_rod":2,"minecraft:white_bed":1,"minecraft:spruce_log":3,"minecraft:spider_eye":4,"minecraft:slime_ball":5,"minecraft:iron_helmet":3,"minecraft:diamond_axe":1,"minecraft:coal":105},"minecraft:killed_by":{"born_in_chaos_v1:nightmare_stalker":1,"iceandfire:cyclops":5,"born_in_chaos_v1:supreme_bonescaller":1,"minecraft:player":1,"born_in_chaos_v1:zombie_lumberjack":1},"minecraft:dropped":{"minecraft:lantern":1,"minecraft:cod":2,"minecraft:flint":1,"born_in_chaos_v1:monster_flesh":1,"minecraft:dirt":9,"minecraft:chain":3,"gravestone:obituary":13,"minecraft:wooden_sword":1,"born_in_chaos_v1:black_argillite_brick":3,"minecraft:fishing_rod":1,"minecraft:gravel":9,"minecraft:iron_nugget":18,"alexsmobs:animal_dictionary":1,"minecraft:cobbled_deepslate":58,"minecraft:birch_sapling":1,"minecraft:rotten_flesh":4,"minecraft:oak_planks":1,"minecraft:salmon":2,"supplementaries:flax_seeds":9,"supplementaries:ash":91,"minecraft:mangrove_log":2,"minecraft:beetroot_seeds":1,"born_in_chaos_v1:corpse_maggot":3,"biomesoplenty:wildflower":2,"born_in_chaos_v1:diamond_termite_shard":1,"minecraft:water_bucket":1,"born_in_chaos_v1:shattered_skull":1,"minecraft:wheat_seeds":2,"minecraft:oak_fence":2,"minecraft:iron_helmet":1,"minecraft:book":2,"minecraft:copper_ingot":5,"minecraft:stick":6,"irons_spellbooks:scroll":1,"iceandfire:copper_nugget":8,"farmersdelight:cooking_pot":1,"minecraft:wooden_axe":1,"skilltree:gem":8,"minecraft:iron_leggings":1,"minecraft:dried_kelp":3,"minecraft:furnace":1,"minecraft:kelp":2,"alexsmobs:maggot":3,"minecraft:coarse_dirt":3,"minecraft:raw_copper":14,"minecraft:iron_boots":1,"minecraft:spruce_planks":2,"minecraft:iron_chestplate":1,"born_in_chaos_v1:nightmare_mantleofthe_night_helmet":1,"minecraft:spider_eye":3,"minecraft:stone_pickaxe":3,"minecraft:wooden_pickaxe":3},"minecraft:killed":{"minecraft:cave_spider":6,"born_in_chaos_v1:restless_spirit":4,"born_in_chaos_v1:zombie_lumberjack":4,"minecraft:spider":4,"born_in_chaos_v1:scarlet_persecutor":4,"minecraft:skeleton":6,"born_in_chaos_v1:diamond_termite":3,"minecraft:zombie_villager":1,"irons_spellbooks:necromancer":1,"minecraft:sheep":7,"born_in_chaos_v1:zombie_fisherman":3,"minecraft:zombie":19,"born_in_chaos_v1:dread_hound":1,"born_in_chaos_v1:corpse_fly":13,"alexsmobs:fly":2,"minecraft:slime":5,"born_in_chaos_v1:zombie_bruiser":1,"born_in_chaos_v1:maggot":16,"born_in_chaos_v1:corpse_fish":1,"born_in_chaos_v1:baby_skeleton":3,"born_in_chaos_v1:decrepit_skeleton":5,"iceandfire:ghost":2,"born_in_chaos_v1:dark_vortex":1,"born_in_chaos_v1:nightmare_stalker":2},"minecraft:custom":{"lootr:looted_stat":73,"minecraft:interact_with_crafting_table":42,"minecraft:open_barrel":21,"minecraft:leave_game":5,"minecraft:time_since_death":5783,"minecraft:sprint_one_cm":477189,"minecraft:damage_blocked_by_shield":210,"minecraft:drop":106,"minecraft:talked_to_villager":6,"minecraft:play_time":215481,"minecraft:deaths":16,"minecraft:jump":3216,"minecraft:walk_on_water_one_cm":46898,"minecraft:interact_with_furnace":53,"minecraft:interact_with_cartography_table":1,"minecraft:sleep_in_bed":5,"minecraft:damage_dealt":23171,"minecraft:crouch_one_cm":17859,"minecraft:mob_kills":119,"minecraft:damage_dealt_resisted":221,"minecraft:climb_one_cm":12248,"minecraft:walk_one_cm":490596,"minecraft:sneak_time":7116,"minecraft:walk_under_water_one_cm":21709,"minecraft:boat_one_cm":358729,"minecraft:total_world_time":215481,"minecraft:time_since_rest":5819,"minecraft:damage_taken":8403,"minecraft:trigger_trapped_chest":2,"minecraft:swim_one_cm":131512,"minecraft:fly_one_cm":619551,"minecraft:open_chest":54,"minecraft:fall_one_cm":91663},"minecraft:broken":{"minecraft:stone_pickaxe":1,"born_in_chaos_v1:damned_demomans_hat_helmet":1,"minecraft:iron_pickaxe":2}},"DataVersion":3465}