{"stats":{"minecraft:crafted":{"minecraft:wooden_sword":1,"minecraft:spruce_planks":12,"minecraft:crafting_table":1,"minecraft:stick":16,"minecraft:wooden_axe":1,"minecraft:wooden_pickaxe":1,"minecraft:stone_pickaxe":1,"minecraft:birch_planks":20},"minecraft:killed":{"born_in_chaos_v1:restless_spirit":2,"born_in_chaos_v1:corpse_fly":1,"born_in_chaos_v1:baby_skeleton":1,"minecraft:spider":3,"alexsmobs:fly":2,"born_in_chaos_v1:decrepit_skeleton":2},"minecraft:dropped":{"born_in_chaos_v1:shattered_skull":1,"minecraft:wooden_axe":1,"skilltree:gem":1,"minecraft:chain":2,"minecraft:wooden_sword":1,"minecraft:wooden_pickaxe":1,"minecraft:stick":1},"minecraft:custom":{"minecraft:time_since_rest":12924,"lootr:looted_stat":5,"minecraft:sprint_one_cm":16653,"minecraft:damage_taken":110,"minecraft:walk_one_cm":35365,"minecraft:mob_kills":11,"minecraft:drop":8,"minecraft:damage_dealt":2021,"minecraft:interact_with_crafting_table":7,"minecraft:fly_one_cm":16589,"minecraft:open_barrel":15,"minecraft:crouch_one_cm":990,"minecraft:play_time":12924,"minecraft:sneak_time":609,"minecraft:jump":130,"minecraft:leave_game":1,"minecraft:time_since_death":12924,"minecraft:total_world_time":12924,"minecraft:fall_one_cm":1314},"minecraft:picked_up":{"minecraft:raw_iron":4,"minecraft:birch_log":5,"born_in_chaos_v1:corpse_maggot":2,"minecraft:dark_oak_slab":2,"minecraft:crafting_table":2,"born_in_chaos_v1:shattered_skull":1,"born_in_chaos_v1:ethereal_spirit":2,"minecraft:spruce_fence":1,"minecraft:birch_planks":6,"minecraft:chain":2,"skilltree:gem":4,"minecraft:spruce_log":3,"minecraft:spider_eye":1,"minecraft:string":3,"minecraft:lantern":1,"born_in_chaos_v1:black_argillite_brick":9,"minecraft:bone":2,"minecraft:rotten_flesh":4,"minecraft:bell":1,"alexsmobs:maggot":3,"minecraft:coal":24,"minecraft:cobblestone":43},"minecraft:used":{"minecraft:wooden_axe":11,"minecraft:apple":1,"minecraft:bread":2,"born_in_chaos_v1:monster_flesh":1,"minecraft:birch_planks":6,"minecraft:iron_axe":31,"minecraft:stone_pickaxe":12,"minecraft:iron_pickaxe":71,"minecraft:wooden_pickaxe":4,"born_in_chaos_v1:black_argillite_brick":6,"minecraft:wooden_sword":2,"minecraft:cobblestone":17,"minecraft:crafting_table":2},"minecraft:mined":{"minecraft:birch_planks":6,"minecraft:dark_oak_slab":1,"minecraft:iron_ore":4,"minecraft:birch_log":5,"minecraft:spruce_log":3,"minecraft:birch_leaves":2,"born_in_chaos_v1:black_argillite_brick":9,"minecraft:crafting_table":2,"minecraft:bell":1,"minecraft:coal_ore":24,"minecraft:grass":1,"minecraft:spruce_fence":1,"biomesoplenty:high_grass":7,"minecraft:lantern":1,"biomesoplenty:high_grass_plant":2,"minecraft:cobweb":2,"minecraft:cobblestone":17,"minecraft:tall_grass":1,"minecraft:stone":26,"minecraft:spawner":3}},"DataVersion":3465}