{"stats":{"minecraft:mined":{"minecraft:tuff":2,"minecraft:spruce_planks":7,"biomesoplenty:watergrass":1,"iceandfire:silver_ore":22,"minecraft:deepslate_diamond_ore":1,"born_in_chaos_v1:nightmare_stalker_skull":4,"born_in_chaos_v1:infected_diamond_ore":2,"gravestone:gravestone":6,"minecraft:grass_block":1,"minecraft:spruce_fence":1,"minecraft:mud_bricks":1,"minecraft:spawner":4,"minecraft:furnace":1,"minecraft:iron_ore":73,"minecraft:cobbled_deepslate":1,"minecraft:deepslate_lapis_ore":3,"minecraft:bell":1,"biomesoplenty:high_grass":7,"minecraft:deepslate_iron_ore":10,"minecraft:lantern":1,"minecraft:stone":102,"minecraft:spruce_slab":1,"minecraft:crafting_table":4,"minecraft:torch":1,"biomesoplenty:high_grass_plant":2,"minecraft:tall_grass":7,"minecraft:cobblestone":21,"minecraft:deepslate_coal_ore":1,"minecraft:lapis_ore":2,"minecraft:oak_planks":7,"minecraft:wall_torch":1,"minecraft:cauldron":1,"minecraft:deepslate_copper_ore":2,"supplementaries:urn":25,"minecraft:birch_planks":6,"minecraft:coarse_dirt":7,"minecraft:dark_oak_slab":1,"minecraft:birch_log":23,"minecraft:spruce_log":3,"minecraft:birch_leaves":5,"born_in_chaos_v1:black_argillite_brick":9,"minecraft:grass":2,"minecraft:coal_ore":86,"minecraft:gravel":8,"minecraft:dirt":32,"minecraft:cobweb":2,"minecraft:deepslate":193,"biomesoplenty:reed":4},"minecraft:killed":{"born_in_chaos_v1:zombie_lumberjack":4,"born_in_chaos_v1:restless_spirit":4,"minecraft:spider":4,"minecraft:slime":5,"born_in_chaos_v1:zombie_bruiser":1,"born_in_chaos_v1:maggot":9,"minecraft:skeleton":2,"born_in_chaos_v1:diamond_termite":3,"minecraft:zombie_villager":1,"born_in_chaos_v1:baby_skeleton":1,"born_in_chaos_v1:decrepit_skeleton":5,"born_in_chaos_v1:zombie_fisherman":2,"minecraft:zombie":7,"born_in_chaos_v1:dread_hound":1,"born_in_chaos_v1:corpse_fly":8,"born_in_chaos_v1:dark_vortex":1,"born_in_chaos_v1:nightmare_stalker":1,"alexsmobs:fly":2},"minecraft:dropped":{"minecraft:water_bucket":1,"born_in_chaos_v1:shattered_skull":1,"minecraft:book":2,"minecraft:lantern":1,"minecraft:cod":2,"minecraft:flint":1,"minecraft:stick":5,"irons_spellbooks:scroll":1,"minecraft:dirt":9,"farmersdelight:cooking_pot":1,"minecraft:wooden_axe":1,"skilltree:gem":8,"minecraft:dried_kelp":3,"minecraft:chain":3,"gravestone:obituary":6,"minecraft:wooden_sword":1,"minecraft:gravel":9,"minecraft:furnace":1,"minecraft:kelp":2,"alexsmobs:maggot":3,"minecraft:coarse_dirt":3,"minecraft:cobbled_deepslate":58,"minecraft:raw_copper":14,"minecraft:birch_sapling":1,"minecraft:salmon":1,"supplementaries:flax_seeds":9,"supplementaries:ash":82,"born_in_chaos_v1:corpse_maggot":3,"born_in_chaos_v1:diamond_termite_shard":1,"minecraft:stone_pickaxe":3,"minecraft:wooden_pickaxe":3},"minecraft:broken":{"minecraft:stone_pickaxe":1,"minecraft:iron_pickaxe":1},"minecraft:killed_by":{"minecraft:player":1,"born_in_chaos_v1:nightmare_stalker":1,"born_in_chaos_v1:zombie_lumberjack":1,"born_in_chaos_v1:supreme_bonescaller":1},"minecraft:picked_up":{"irons_spellbooks:scroll":2,"born_in_chaos_v1:diamond_termite_shard":4,"minecraft:coarse_dirt":9,"minecraft:crafting_table":4,"minecraft:wooden_pickaxe":1,"gravestone:obituary":5,"minecraft:chain":3,"minecraft:string":3,"minecraft:raw_copper":21,"born_in_chaos_v1:black_argillite_brick":9,"minecraft:cobbled_deepslate":377,"minecraft:spruce_planks":7,"rpgsmw:rawmiphrilignot":6,"minecraft:iron_nugget":36,"minecraft:spruce_slab":1,"minecraft:birch_sapling":1,"minecraft:mangrove_log":2,"minecraft:furnace":1,"minecraft:stick":4,"minecraft:raw_iron":83,"born_in_chaos_v1:shattered_skull":1,"minecraft:torch":20,"minecraft:spruce_fence":1,"sophisticatedbackpacks:backpack":3,"minecraft:dried_kelp":2,"minecraft:cherry_log":3,"born_in_chaos_v1:nightmare_claw":1,"minecraft:cauldron":1,"born_in_chaos_v1:damned_demomans_hat_helmet":1,"minecraft:arrow":3,"minecraft:rotten_flesh":33,"minecraft:gold_ingot":2,"supplementaries:ash":103,"minecraft:cobblestone":137,"minecraft:birch_log":23,"born_in_chaos_v1:corpse_maggot":8,"minecraft:mud_bricks":1,"born_in_chaos_v1:monster_flesh":1,"minecraft:water_bucket":1,"minecraft:salmon":1,"minecraft:birch_planks":6,"minecraft:flint":1,"minecraft:tuff":2,"supplementaries:flax_seeds":15,"minecraft:gunpowder":2,"minecraft:lapis_lazuli":27,"skilltree:gem":28,"minecraft:dirt":53,"minecraft:lantern":1,"born_in_chaos_v1:nightmare_stalker_skull":5,"born_in_chaos_v1:monster_skin":4,"minecraft:bone":31,"farmersdelight:cooking_pot":2,"minecraft:kelp":1,"minecraft:raw_gold":6,"minecraft:bell":1,"minecraft:iron_ingot":2,"minecraft:stone_pickaxe":3,"minecraft:oak_planks":7,"minecraft:dark_oak_slab":2,"born_in_chaos_v1:ethereal_spirit":5,"minecraft:gravel":16,"born_in_chaos_v1:dark_rod":2,"minecraft:spruce_log":3,"minecraft:spider_eye":1,"rpgsmw:class_choose_orb":1,"minecraft:slime_ball":5,"minecraft:diamond":1,"rpgsmw:class_remove_orb":1,"minecraft:iron_helmet":2,"alexsmobs:maggot":3,"born_in_chaos_v1:rotten_fish":2,"minecraft:coal":102,"iceandfire:raw_silver":22},"minecraft:crafted":{"minecraft:cherry_planks":12,"minecraft:wooden_sword":1,"minecraft:birch_boat":1,"minecraft:furnace":1,"minecraft:stone_pickaxe":3,"minecraft:spruce_boat":1,"iceandfire:armor_silver_metal_boots":1,"iceandfire:silver_ingot":17,"minecraft:crafting_table":3,"minecraft:spruce_planks":12,"minecraft:wooden_pickaxe":2,"minecraft:iron_helmet":1,"minecraft:birch_planks":84,"minecraft:air":0,"minecraft:iron_chestplate":1,"minecraft:stick":40,"minecraft:iron_ingot":23,"minecraft:iron_pickaxe":1,"minecraft:wooden_axe":1,"minecraft:iron_leggings":1,"minecraft:torch":88},"minecraft:used":{"minecraft:spruce_slab":1,"minecraft:cooked_salmon":3,"minecraft:torch":124,"minecraft:dirt":44,"minecraft:tuff":2,"minecraft:spruce_boat":1,"born_in_chaos_v1:corpse_maggot":3,"minecraft:wooden_axe":11,"born_in_chaos_v1:smoked_flesh":8,"minecraft:iron_axe":89,"minecraft:mud_bricks":1,"born_in_chaos_v1:black_argillite_brick":6,"born_in_chaos_v1:nightmare_stalker_skull":5,"supplementaries:ash":2,"minecraft:furnace":1,"minecraft:cooked_cod":8,"minecraft:cobbled_deepslate":14,"minecraft:water_bucket":2,"minecraft:birch_planks":6,"minecraft:stone_pickaxe":233,"minecraft:birch_boat":1,"minecraft:wooden_pickaxe":7,"minecraft:crafting_table":7,"minecraft:apple":1,"born_in_chaos_v1:monster_flesh":3,"minecraft:bread":9,"minecraft:iron_pickaxe":339,"minecraft:gravel":4,"minecraft:wooden_sword":2,"born_in_chaos_v1:rotten_fish":2,"minecraft:cobblestone":69,"minecraft:birch_log":2,"minecraft:bucket":2,"minecraft:coarse_dirt":6},"minecraft:custom":{"lootr:looted_stat":19,"minecraft:mob_kills":66,"minecraft:interact_with_crafting_table":20,"minecraft:open_barrel":21,"minecraft:damage_dealt_resisted":221,"minecraft:leave_game":2,"minecraft:time_since_death":905,"minecraft:climb_one_cm":9237,"minecraft:sprint_one_cm":204189,"minecraft:walk_one_cm":279608,"minecraft:drop":69,"minecraft:talked_to_villager":1,"minecraft:play_time":102266,"minecraft:deaths":6,"minecraft:sneak_time":4467,"minecraft:walk_under_water_one_cm":2912,"minecraft:boat_one_cm":79141,"minecraft:jump":1324,"minecraft:walk_on_water_one_cm":19532,"minecraft:total_world_time":102266,"minecraft:interact_with_furnace":13,"minecraft:time_since_rest":957,"minecraft:damage_taken":2926,"minecraft:damage_dealt":12080,"minecraft:swim_one_cm":22535,"minecraft:fly_one_cm":173539,"minecraft:crouch_one_cm":10874,"minecraft:fall_one_cm":29525}},"DataVersion":3465}