{"stats":{"minecraft:mined":{"biomesoplenty:watergrass":1,"iceandfire:silver_ore":17,"minecraft:torch":1,"born_in_chaos_v1:nightmare_stalker_skull":4,"minecraft:crafting_table":4,"gravestone:gravestone":3,"minecraft:grass_block":1,"minecraft:spruce_fence":1,"biomesoplenty:high_grass_plant":2,"minecraft:tall_grass":7,"minecraft:cobblestone":20,"minecraft:lapis_ore":2,"minecraft:mud_bricks":1,"minecraft:cauldron":1,"minecraft:spawner":4,"minecraft:birch_planks":6,"minecraft:coarse_dirt":7,"minecraft:dark_oak_slab":1,"minecraft:furnace":1,"minecraft:birch_log":18,"minecraft:iron_ore":38,"minecraft:spruce_log":3,"minecraft:birch_leaves":2,"born_in_chaos_v1:black_argillite_brick":9,"minecraft:bell":1,"minecraft:grass":2,"minecraft:coal_ore":86,"biomesoplenty:high_grass":7,"minecraft:lantern":1,"minecraft:dirt":32,"minecraft:cobweb":2,"minecraft:stone":78,"biomesoplenty:reed":4},"minecraft:killed":{"born_in_chaos_v1:zombie_lumberjack":1,"born_in_chaos_v1:restless_spirit":2,"born_in_chaos_v1:baby_skeleton":1,"minecraft:spider":3,"born_in_chaos_v1:decrepit_skeleton":2,"minecraft:zombie":2,"born_in_chaos_v1:corpse_fly":2,"born_in_chaos_v1:nightmare_stalker":1,"alexsmobs:fly":2},"minecraft:dropped":{"born_in_chaos_v1:shattered_skull":1,"minecraft:coarse_dirt":3,"minecraft:lantern":1,"minecraft:stick":1,"minecraft:wooden_axe":1,"skilltree:gem":1,"minecraft:chain":2,"minecraft:wooden_sword":1,"minecraft:wooden_pickaxe":1},"minecraft:broken":{"minecraft:iron_pickaxe":1},"minecraft:killed_by":{"minecraft:player":1,"born_in_chaos_v1:nightmare_stalker":1,"born_in_chaos_v1:supreme_bonescaller":1},"minecraft:picked_up":{"minecraft:birch_log":18,"born_in_chaos_v1:corpse_maggot":2,"minecraft:coarse_dirt":9,"minecraft:crafting_table":4,"minecraft:mud_bricks":1,"minecraft:birch_planks":6,"minecraft:lapis_lazuli":13,"minecraft:chain":2,"minecraft:gunpowder":2,"born_in_chaos_v1:nightmare_stalker_skull":5,"skilltree:gem":12,"minecraft:dirt":47,"minecraft:string":3,"minecraft:lantern":1,"born_in_chaos_v1:monster_skin":3,"born_in_chaos_v1:black_argillite_brick":9,"minecraft:bone":4,"minecraft:bell":1,"minecraft:furnace":1,"minecraft:birch_sapling":1,"minecraft:mangrove_log":2,"minecraft:dark_oak_slab":2,"minecraft:raw_iron":38,"born_in_chaos_v1:shattered_skull":1,"minecraft:torch":1,"born_in_chaos_v1:ethereal_spirit":2,"sophisticatedbackpacks:backpack":1,"minecraft:spruce_fence":1,"born_in_chaos_v1:nightmare_claw":1,"minecraft:spruce_log":3,"minecraft:spider_eye":1,"minecraft:cauldron":1,"born_in_chaos_v1:damned_demomans_hat_helmet":1,"rpgsmw:class_choose_orb":1,"minecraft:rotten_flesh":6,"rpgsmw:class_remove_orb":1,"minecraft:gold_ingot":2,"supplementaries:ash":12,"alexsmobs:maggot":3,"minecraft:coal":97,"iceandfire:raw_silver":17,"minecraft:cobblestone":112},"minecraft:crafted":{"minecraft:wooden_sword":1,"iceandfire:silver_ingot":17,"minecraft:iron_helmet":1,"minecraft:crafting_table":1,"minecraft:spruce_planks":12,"minecraft:birch_boat":1,"minecraft:wooden_pickaxe":1,"minecraft:furnace":1,"minecraft:birch_planks":64,"minecraft:air":0,"minecraft:iron_chestplate":1,"minecraft:iron_leggings":1,"minecraft:stick":32,"minecraft:iron_ingot":23,"minecraft:stone_pickaxe":1,"minecraft:wooden_axe":1,"iceandfire:armor_silver_metal_boots":1,"minecraft:torch":80},"minecraft:used":{"minecraft:water_bucket":2,"minecraft:birch_planks":6,"minecraft:stone_pickaxe":12,"minecraft:birch_boat":1,"minecraft:wooden_pickaxe":4,"minecraft:cooked_salmon":3,"minecraft:torch":39,"minecraft:dirt":22,"minecraft:crafting_table":5,"born_in_chaos_v1:smoked_flesh":8,"minecraft:wooden_axe":11,"minecraft:apple":1,"born_in_chaos_v1:monster_flesh":1,"minecraft:iron_axe":46,"minecraft:bread":2,"minecraft:iron_pickaxe":250,"minecraft:mud_bricks":1,"born_in_chaos_v1:black_argillite_brick":6,"born_in_chaos_v1:nightmare_stalker_skull":5,"minecraft:wooden_sword":2,"minecraft:cobblestone":57,"minecraft:furnace":1,"minecraft:cooked_cod":3,"minecraft:bucket":2,"minecraft:birch_log":2,"minecraft:coarse_dirt":6},"minecraft:custom":{"minecraft:interact_with_furnace":13,"lootr:looted_stat":18,"minecraft:mob_kills":18,"minecraft:interact_with_crafting_table":16,"minecraft:open_barrel":21,"minecraft:damage_dealt_resisted":221,"minecraft:leave_game":1,"minecraft:time_since_death":23148,"minecraft:climb_one_cm":422,"minecraft:time_since_rest":23195,"minecraft:sprint_one_cm":67036,"minecraft:damage_taken":1395,"minecraft:walk_one_cm":139945,"minecraft:drop":12,"minecraft:damage_dealt":4457,"minecraft:swim_one_cm":9135,"minecraft:talked_to_villager":1,"minecraft:fly_one_cm":56541,"minecraft:crouch_one_cm":5342,"minecraft:play_time":54874,"minecraft:deaths":3,"minecraft:sneak_time":2190,"minecraft:walk_under_water_one_cm":2437,"minecraft:boat_one_cm":48410,"minecraft:jump":609,"minecraft:walk_on_water_one_cm":9334,"minecraft:total_world_time":54874,"minecraft:fall_one_cm":13063}},"DataVersion":3465}