{"stats":{"minecraft:mined":{"biomesoplenty:watergrass":1,"iceandfire:silver_ore":22,"minecraft:deepslate_diamond_ore":1,"born_in_chaos_v1:nightmare_stalker_skull":4,"gravestone:gravestone":3,"minecraft:grass_block":1,"minecraft:spruce_fence":1,"minecraft:mud_bricks":1,"minecraft:spawner":4,"minecraft:furnace":1,"minecraft:iron_ore":73,"minecraft:bell":1,"biomesoplenty:high_grass":7,"minecraft:deepslate_iron_ore":10,"minecraft:lantern":1,"minecraft:stone":91,"minecraft:crafting_table":4,"minecraft:torch":1,"biomesoplenty:high_grass_plant":2,"minecraft:tall_grass":7,"minecraft:cobblestone":21,"minecraft:lapis_ore":2,"minecraft:wall_torch":1,"minecraft:cauldron":1,"supplementaries:urn":7,"minecraft:birch_planks":6,"minecraft:coarse_dirt":7,"minecraft:dark_oak_slab":1,"minecraft:birch_log":18,"minecraft:spruce_log":3,"minecraft:birch_leaves":2,"born_in_chaos_v1:black_argillite_brick":9,"minecraft:grass":2,"minecraft:coal_ore":86,"minecraft:dirt":32,"minecraft:cobweb":2,"minecraft:deepslate":4,"biomesoplenty:reed":4},"minecraft:killed":{"born_in_chaos_v1:zombie_lumberjack":2,"born_in_chaos_v1:restless_spirit":2,"minecraft:spider":3,"born_in_chaos_v1:maggot":3,"minecraft:skeleton":1,"born_in_chaos_v1:baby_skeleton":1,"born_in_chaos_v1:decrepit_skeleton":2,"born_in_chaos_v1:zombie_fisherman":1,"minecraft:zombie":2,"born_in_chaos_v1:corpse_fly":2,"born_in_chaos_v1:dark_vortex":1,"born_in_chaos_v1:nightmare_stalker":1,"alexsmobs:fly":2},"minecraft:dropped":{"born_in_chaos_v1:shattered_skull":1,"minecraft:book":2,"minecraft:lantern":1,"minecraft:stick":1,"minecraft:wooden_axe":1,"skilltree:gem":1,"minecraft:chain":2,"minecraft:wooden_sword":1,"minecraft:furnace":1,"alexsmobs:maggot":3,"minecraft:coarse_dirt":3,"minecraft:birch_sapling":1,"minecraft:salmon":1,"supplementaries:flax_seeds":1,"supplementaries:ash":63,"minecraft:wooden_pickaxe":1},"minecraft:broken":{"minecraft:iron_pickaxe":1},"minecraft:killed_by":{"minecraft:player":1,"born_in_chaos_v1:nightmare_stalker":1,"born_in_chaos_v1:zombie_lumberjack":1,"born_in_chaos_v1:supreme_bonescaller":1},"minecraft:picked_up":{"minecraft:coarse_dirt":9,"minecraft:crafting_table":4,"minecraft:chain":2,"minecraft:string":3,"born_in_chaos_v1:black_argillite_brick":9,"minecraft:cobbled_deepslate":4,"minecraft:birch_sapling":1,"minecraft:mangrove_log":2,"minecraft:furnace":1,"minecraft:raw_iron":83,"born_in_chaos_v1:shattered_skull":1,"minecraft:torch":14,"minecraft:spruce_fence":1,"sophisticatedbackpacks:backpack":1,"born_in_chaos_v1:nightmare_claw":1,"minecraft:cauldron":1,"born_in_chaos_v1:damned_demomans_hat_helmet":1,"minecraft:arrow":2,"minecraft:rotten_flesh":15,"minecraft:gold_ingot":2,"supplementaries:ash":63,"minecraft:cobblestone":126,"minecraft:birch_log":18,"born_in_chaos_v1:corpse_maggot":3,"minecraft:mud_bricks":1,"minecraft:salmon":1,"minecraft:birch_planks":6,"supplementaries:flax_seeds":1,"minecraft:gunpowder":2,"minecraft:lapis_lazuli":13,"skilltree:gem":22,"minecraft:dirt":47,"minecraft:lantern":1,"born_in_chaos_v1:nightmare_stalker_skull":5,"born_in_chaos_v1:monster_skin":3,"minecraft:bone":10,"minecraft:bell":1,"minecraft:dark_oak_slab":2,"born_in_chaos_v1:ethereal_spirit":3,"born_in_chaos_v1:dark_rod":2,"minecraft:spruce_log":3,"minecraft:spider_eye":1,"rpgsmw:class_choose_orb":1,"minecraft:diamond":1,"rpgsmw:class_remove_orb":1,"alexsmobs:maggot":3,"born_in_chaos_v1:rotten_fish":1,"minecraft:coal":97,"iceandfire:raw_silver":22},"minecraft:crafted":{"minecraft:wooden_sword":1,"minecraft:birch_boat":1,"minecraft:furnace":1,"minecraft:stone_pickaxe":1,"iceandfire:armor_silver_metal_boots":1,"iceandfire:silver_ingot":17,"minecraft:crafting_table":1,"minecraft:spruce_planks":12,"minecraft:wooden_pickaxe":1,"minecraft:iron_helmet":1,"minecraft:birch_planks":64,"minecraft:air":0,"minecraft:iron_chestplate":1,"minecraft:stick":32,"minecraft:iron_ingot":23,"minecraft:iron_pickaxe":1,"minecraft:wooden_axe":1,"minecraft:iron_leggings":1,"minecraft:torch":88},"minecraft:used":{"minecraft:cooked_salmon":3,"minecraft:torch":78,"minecraft:dirt":44,"born_in_chaos_v1:corpse_maggot":2,"minecraft:wooden_axe":11,"born_in_chaos_v1:smoked_flesh":8,"minecraft:iron_axe":46,"minecraft:mud_bricks":1,"born_in_chaos_v1:black_argillite_brick":6,"born_in_chaos_v1:nightmare_stalker_skull":5,"minecraft:furnace":1,"minecraft:cooked_cod":7,"minecraft:water_bucket":2,"minecraft:birch_planks":6,"minecraft:stone_pickaxe":12,"minecraft:birch_boat":1,"minecraft:wooden_pickaxe":4,"minecraft:crafting_table":5,"minecraft:apple":1,"born_in_chaos_v1:monster_flesh":1,"minecraft:bread":2,"minecraft:iron_pickaxe":327,"minecraft:wooden_sword":2,"minecraft:cobblestone":61,"minecraft:birch_log":2,"minecraft:bucket":2,"minecraft:coarse_dirt":6},"minecraft:custom":{"lootr:looted_stat":18,"minecraft:mob_kills":27,"minecraft:interact_with_crafting_table":16,"minecraft:open_barrel":21,"minecraft:damage_dealt_resisted":221,"minecraft:leave_game":2,"minecraft:time_since_death":1209,"minecraft:climb_one_cm":422,"minecraft:sprint_one_cm":92265,"minecraft:walk_one_cm":171465,"minecraft:drop":22,"minecraft:talked_to_villager":1,"minecraft:play_time":66266,"minecraft:deaths":4,"minecraft:sneak_time":3640,"minecraft:walk_under_water_one_cm":2437,"minecraft:boat_one_cm":48410,"minecraft:jump":753,"minecraft:walk_on_water_one_cm":14449,"minecraft:total_world_time":66266,"minecraft:interact_with_furnace":13,"minecraft:time_since_rest":1399,"minecraft:damage_taken":1855,"minecraft:damage_dealt":6209,"minecraft:swim_one_cm":9135,"minecraft:fly_one_cm":72619,"minecraft:crouch_one_cm":9437,"minecraft:fall_one_cm":15285}},"DataVersion":3465}