{"stats":{"minecraft:mined":{"minecraft:crafting_table":2,"minecraft:spruce_fence":1,"biomesoplenty:high_grass_plant":2,"minecraft:tall_grass":1,"minecraft:cobblestone":20,"minecraft:spawner":3,"minecraft:birch_planks":6,"minecraft:coarse_dirt":5,"minecraft:dark_oak_slab":1,"minecraft:birch_log":5,"minecraft:iron_ore":6,"minecraft:spruce_log":3,"minecraft:birch_leaves":2,"born_in_chaos_v1:black_argillite_brick":9,"minecraft:bell":1,"minecraft:grass":2,"minecraft:coal_ore":26,"biomesoplenty:high_grass":7,"minecraft:lantern":1,"minecraft:dirt":32,"minecraft:cobweb":2,"minecraft:stone":43},"minecraft:killed":{"born_in_chaos_v1:restless_spirit":2,"born_in_chaos_v1:baby_skeleton":1,"minecraft:spider":3,"born_in_chaos_v1:decrepit_skeleton":2,"born_in_chaos_v1:corpse_fly":1,"alexsmobs:fly":2},"minecraft:dropped":{"born_in_chaos_v1:shattered_skull":1,"minecraft:lantern":1,"minecraft:stick":1,"minecraft:wooden_axe":1,"skilltree:gem":1,"minecraft:chain":2,"minecraft:wooden_sword":1,"minecraft:wooden_pickaxe":1},"minecraft:picked_up":{"minecraft:birch_log":5,"born_in_chaos_v1:corpse_maggot":2,"minecraft:coarse_dirt":5,"minecraft:crafting_table":2,"minecraft:birch_planks":6,"minecraft:chain":2,"skilltree:gem":4,"minecraft:dirt":35,"minecraft:string":3,"minecraft:lantern":1,"born_in_chaos_v1:black_argillite_brick":9,"minecraft:bone":2,"minecraft:bell":1,"minecraft:dark_oak_slab":2,"minecraft:raw_iron":6,"born_in_chaos_v1:shattered_skull":1,"born_in_chaos_v1:ethereal_spirit":2,"minecraft:spruce_fence":1,"minecraft:spruce_log":3,"minecraft:spider_eye":1,"rpgsmw:class_choose_orb":1,"minecraft:rotten_flesh":4,"rpgsmw:class_remove_orb":1,"alexsmobs:maggot":3,"minecraft:coal":26,"minecraft:cobblestone":63},"minecraft:crafted":{"minecraft:wooden_sword":1,"minecraft:crafting_table":1,"minecraft:spruce_planks":12,"minecraft:wooden_pickaxe":1,"minecraft:birch_planks":20,"minecraft:stick":16,"minecraft:stone_pickaxe":1,"minecraft:wooden_axe":1},"minecraft:used":{"minecraft:birch_planks":6,"minecraft:stone_pickaxe":12,"minecraft:wooden_pickaxe":4,"minecraft:dirt":2,"minecraft:crafting_table":2,"minecraft:wooden_axe":11,"minecraft:apple":1,"born_in_chaos_v1:monster_flesh":1,"minecraft:iron_axe":31,"minecraft:bread":2,"minecraft:iron_pickaxe":95,"born_in_chaos_v1:black_argillite_brick":6,"minecraft:wooden_sword":2,"minecraft:cobblestone":57},"minecraft:custom":{"lootr:looted_stat":5,"minecraft:mob_kills":11,"minecraft:interact_with_crafting_table":7,"minecraft:open_barrel":15,"minecraft:leave_game":1,"minecraft:time_since_death":18874,"minecraft:time_since_rest":18874,"minecraft:sprint_one_cm":18720,"minecraft:damage_taken":160,"minecraft:walk_one_cm":46459,"minecraft:drop":9,"minecraft:damage_dealt":2021,"minecraft:fly_one_cm":19657,"minecraft:crouch_one_cm":3006,"minecraft:play_time":18874,"minecraft:sneak_time":1377,"minecraft:jump":230,"minecraft:total_world_time":18874,"minecraft:fall_one_cm":3263}},"DataVersion":3465}