{"stats":{"minecraft:custom":{"lootr:looted_stat":73,"minecraft:mob_kills":116,"minecraft:interact_with_crafting_table":38,"minecraft:open_barrel":21,"minecraft:damage_dealt_resisted":221,"minecraft:leave_game":4,"minecraft:time_since_death":3901,"minecraft:climb_one_cm":11624,"minecraft:sprint_one_cm":418540,"minecraft:walk_one_cm":459295,"minecraft:damage_blocked_by_shield":210,"minecraft:drop":97,"minecraft:talked_to_villager":5,"minecraft:play_time":191060,"minecraft:deaths":13,"minecraft:sneak_time":6919,"minecraft:walk_under_water_one_cm":13490,"minecraft:boat_one_cm":358729,"minecraft:jump":2813,"minecraft:walk_on_water_one_cm":39695,"minecraft:total_world_time":191060,"minecraft:interact_with_furnace":53,"minecraft:interact_with_cartography_table":1,"minecraft:sleep_in_bed":3,"minecraft:time_since_rest":3931,"minecraft:damage_taken":6593,"minecraft:trigger_trapped_chest":2,"minecraft:damage_dealt":22345,"minecraft:swim_one_cm":45379,"minecraft:fly_one_cm":509569,"minecraft:open_chest":42,"minecraft:crouch_one_cm":17827,"minecraft:fall_one_cm":81434},"minecraft:used":{"minecraft:spruce_slab":1,"minecraft:chest":2,"minecraft:shield":1,"minecraft:iron_sword":154,"minecraft:cooked_salmon":3,"minecraft:torch":146,"minecraft:dirt":44,"minecraft:tuff":2,"minecraft:spruce_boat":4,"born_in_chaos_v1:corpse_maggot":10,"minecraft:wooden_axe":11,"born_in_chaos_v1:smoked_flesh":8,"minecraft:iron_axe":89,"minecraft:crimson_roots":1,"minecraft:mud_bricks":1,"born_in_chaos_v1:black_argillite_brick":6,"born_in_chaos_v1:nightmare_stalker_skull":5,"minecraft:bow":11,"supplementaries:ash":2,"minecraft:furnace":5,"minecraft:cooked_cod":17,"minecraft:cobbled_deepslate":30,"minecraft:cooked_mutton":11,"minecraft:water_bucket":3,"minecraft:birch_planks":6,"minecraft:prismarine":2,"minecraft:stone_pickaxe":233,"minecraft:wooden_pickaxe":7,"minecraft:birch_boat":1,"minecraft:diamond_axe":40,"minecraft:sand":1,"minecraft:crafting_table":15,"minecraft:white_bed":2,"minecraft:shears":7,"minecraft:apple":1,"born_in_chaos_v1:monster_flesh":3,"minecraft:bread":18,"minecraft:iron_pickaxe":547,"minecraft:gravel":4,"minecraft:wooden_sword":2,"minecraft:cobblestone":123,"born_in_chaos_v1:rotten_fish":2,"minecraft:bucket":3,"minecraft:birch_log":2,"minecraft:oak_boat":1,"rpgsmw:iron_battle_axe":27,"minecraft:coarse_dirt":6},"minecraft:broken":{"minecraft:stone_pickaxe":1,"minecraft:iron_pickaxe":2},"minecraft:crafted":{"minecraft:cherry_planks":12,"minecraft:wooden_sword":1,"minecraft:oak_planks":68,"minecraft:birch_boat":1,"minecraft:furnace":4,"minecraft:cooked_mutton":11,"minecraft:bow":1,"minecraft:iron_axe":2,"minecraft:stone_pickaxe":3,"minecraft:chest":2,"minecraft:spruce_boat":2,"iceandfire:armor_silver_metal_boots":1,"sophisticatedbackpacks:iron_backpack":1,"minecraft:cooked_cod":64,"iceandfire:silver_ingot":17,"minecraft:crafting_table":7,"minecraft:spruce_planks":12,"minecraft:wooden_pickaxe":2,"minecraft:iron_helmet":1,"sophisticatedbackpacks:gold_backpack":1,"minecraft:birch_planks":84,"minecraft:air":0,"minecraft:oak_boat":1,"minecraft:iron_chestplate":1,"minecraft:shield":2,"minecraft:stick":56,"minecraft:iron_pickaxe":2,"minecraft:iron_ingot":83,"minecraft:wooden_axe":1,"minecraft:gold_ingot":216,"minecraft:iron_leggings":1,"minecraft:white_bed":1,"rpgsmw:iron_battle_axe":1,"minecraft:torch":88,"minecraft:shears":1},"minecraft:killed_by":{"minecraft:player":1,"iceandfire:cyclops":5,"born_in_chaos_v1:nightmare_stalker":1,"born_in_chaos_v1:zombie_lumberjack":1,"born_in_chaos_v1:supreme_bonescaller":1},"minecraft:picked_up":{"irons_spellbooks:scroll":3,"minecraft:coarse_dirt":9,"minecraft:crafting_table":9,"born_in_chaos_v1:diamond_termite_shard":4,"minecraft:wooden_pickaxe":1,"minecraft:gold_block":1,"minecraft:chain":3,"gravestone:obituary":7,"minecraft:string":42,"minecraft:raw_copper":21,"minecraft:iron_axe":1,"minecraft:experience_bottle":3,"born_in_chaos_v1:black_argillite_brick":9,"minecraft:sea_pickle":1,"iceandfire:bestiary":1,"irons_spellbooks:arcane_essence":2,"minecraft:cartography_table":1,"minecraft:gold_nugget":1968,"minecraft:cobbled_deepslate":384,"minecraft:spruce_planks":8,"rpgsmw:rawmiphrilignot":6,"iceandfire:podium_acacia":1,"minecraft:oak_boat":1,"biomesoplenty:wildflower":2,"minecraft:iron_nugget":54,"minecraft:spruce_slab":1,"minecraft:sugar_cane":100,"minecraft:birch_sapling":1,"minecraft:mangrove_log":2,"minecraft:iron_boots":1,"minecraft:furnace":2,"minecraft:stick":4,"minecraft:raw_iron":83,"born_in_chaos_v1:shattered_skull":1,"minecraft:oak_fence":2,"minecraft:torch":27,"sophisticatedbackpacks:backpack":3,"minecraft:spruce_fence":1,"minecraft:dried_kelp":2,"minecraft:cherry_log":3,"born_in_chaos_v1:nightmare_claw":2,"born_in_chaos_v1:pieceofdarkmetal":3,"minecraft:cauldron":1,"born_in_chaos_v1:damned_demomans_hat_helmet":1,"minecraft:arrow":6,"minecraft:rotten_flesh":41,"minecraft:beetroot_seeds":1,"minecraft:gold_ingot":2,"supplementaries:ash":112,"minecraft:mutton":11,"minecraft:white_wool":15,"minecraft:cobblestone":163,"minecraft:birch_log":23,"born_in_chaos_v1:corpse_maggot":17,"minecraft:mud_bricks":1,"born_in_chaos_v1:monster_flesh":2,"minecraft:water_bucket":1,"minecraft:salmon":2,"minecraft:birch_planks":6,"minecraft:flint":1,"minecraft:tuff":2,"supplementaries:flax_seeds":15,"minecraft:white_banner":2,"minecraft:gunpowder":2,"minecraft:lapis_lazuli":27,"skilltree:gem":28,"minecraft:dirt":69,"minecraft:lantern":1,"born_in_chaos_v1:nightmare_stalker_skull":5,"born_in_chaos_v1:monster_skin":9,"minecraft:bone":41,"iceandfire:pixie_jar_empty":1,"farmersdelight:cooking_pot":2,"minecraft:kelp":1,"minecraft:raw_gold":6,"minecraft:bell":1,"minecraft:grindstone":1,"minecraft:iron_ingot":2,"minecraft:stone_pickaxe":3,"minecraft:prismarine":6,"minecraft:oak_planks":7,"iceandfire:copper_nugget":8,"minecraft:dark_oak_slab":2,"born_in_chaos_v1:ethereal_spirit":6,"minecraft:sand":1,"minecraft:gravel":16,"born_in_chaos_v1:dark_rod":2,"minecraft:white_bed":1,"minecraft:spruce_log":3,"minecraft:spider_eye":4,"alexsmobs:animal_dictionary":1,"minecraft:mossy_cobblestone":4,"minecraft:dark_prismarine":4,"rpgsmw:class_choose_orb":1,"minecraft:slime_ball":5,"minecraft:diamond":3,"minecraft:spruce_boat":3,"waystones:waystone":1,"rpgsmw:class_remove_orb":1,"minecraft:iron_helmet":3,"minecraft:diamond_axe":1,"minecraft:emerald":41,"alexsmobs:maggot":3,"born_in_chaos_v1:rotten_fish":3,"minecraft:coal":105,"minecraft:crimson_roots":1,"iceandfire:raw_silver":22},"minecraft:dropped":{"minecraft:water_bucket":1,"born_in_chaos_v1:shattered_skull":1,"minecraft:oak_fence":2,"minecraft:book":2,"minecraft:lantern":1,"minecraft:copper_ingot":5,"minecraft:flint":1,"minecraft:cod":2,"minecraft:stick":6,"born_in_chaos_v1:monster_flesh":1,"irons_spellbooks:scroll":1,"minecraft:dirt":9,"iceandfire:copper_nugget":8,"farmersdelight:cooking_pot":1,"minecraft:wooden_axe":1,"skilltree:gem":8,"minecraft:dried_kelp":3,"minecraft:chain":3,"gravestone:obituary":10,"minecraft:wooden_sword":1,"born_in_chaos_v1:black_argillite_brick":3,"minecraft:fishing_rod":1,"minecraft:gravel":9,"minecraft:furnace":1,"minecraft:kelp":2,"alexsmobs:maggot":3,"minecraft:iron_nugget":18,"minecraft:coarse_dirt":3,"alexsmobs:animal_dictionary":1,"minecraft:cobbled_deepslate":58,"minecraft:raw_copper":14,"minecraft:birch_sapling":1,"minecraft:rotten_flesh":4,"minecraft:oak_planks":1,"minecraft:salmon":2,"supplementaries:flax_seeds":9,"supplementaries:ash":91,"minecraft:mangrove_log":2,"minecraft:spruce_planks":2,"minecraft:beetroot_seeds":1,"biomesoplenty:wildflower":2,"born_in_chaos_v1:corpse_maggot":3,"born_in_chaos_v1:diamond_termite_shard":1,"minecraft:spider_eye":3,"minecraft:stone_pickaxe":3,"minecraft:wooden_pickaxe":3},"minecraft:mined":{"minecraft:dark_prismarine":4,"minecraft:tuff":2,"biomesoplenty:watergrass":2,"minecraft:spruce_planks":7,"minecraft:white_bed":1,"iceandfire:silver_ore":22,"minecraft:deepslate_diamond_ore":3,"iceandfire:copper_pile":1,"born_in_chaos_v1:nightmare_stalker_skull":4,"born_in_chaos_v1:infected_diamond_ore":2,"gravestone:gravestone":10,"biomesoplenty:bush":1,"minecraft:spruce_fence":1,"minecraft:grass_block":1,"minecraft:crimson_roots":1,"minecraft:cartography_table":1,"minecraft:mud_bricks":1,"minecraft:spawner":16,"minecraft:furnace":2,"minecraft:iron_ore":73,"minecraft:cobbled_deepslate":1,"minecraft:deepslate_lapis_ore":3,"minecraft:peony":1,"minecraft:gold_block":1,"minecraft:bell":1,"iceandfire:gold_pile":149,"biomesoplenty:high_grass":7,"minecraft:deepslate_iron_ore":10,"minecraft:lantern":1,"irons_spellbooks:firefly_jar":1,"minecraft:stone":116,"minecraft:white_wool":8,"minecraft:spruce_slab":1,"iceandfire:pixie_jar_empty":1,"biomesoplenty:wildflower":2,"iceandfire:podium_acacia":1,"minecraft:crafting_table":9,"minecraft:torch":5,"biomesoplenty:high_grass_plant":2,"minecraft:tall_grass":10,"minecraft:cobblestone":33,"minecraft:deepslate_coal_ore":1,"minecraft:grindstone":1,"minecraft:prismarine":6,"minecraft:lapis_ore":2,"minecraft:oak_planks":7,"minecraft:sugar_cane":51,"minecraft:wall_torch":4,"minecraft:cauldron":1,"minecraft:deepslate_copper_ore":2,"supplementaries:urn":30,"farmersdelight:wild_beetroots":1,"minecraft:birch_planks":6,"minecraft:coarse_dirt":7,"minecraft:dark_oak_slab":1,"minecraft:birch_log":23,"minecraft:white_wall_banner":2,"minecraft:spruce_log":3,"minecraft:birch_leaves":5,"born_in_chaos_v1:black_argillite_brick":9,"minecraft:grass":5,"minecraft:coal_ore":86,"minecraft:sand":1,"minecraft:gravel":8,"minecraft:dirt":32,"minecraft:cobweb":34,"minecraft:deepslate":200,"biomesoplenty:reed":4},"minecraft:killed":{"minecraft:cave_spider":6,"born_in_chaos_v1:restless_spirit":4,"born_in_chaos_v1:zombie_lumberjack":4,"minecraft:spider":4,"born_in_chaos_v1:scarlet_persecutor":1,"minecraft:slime":5,"born_in_chaos_v1:zombie_bruiser":1,"born_in_chaos_v1:maggot":16,"minecraft:skeleton":6,"born_in_chaos_v1:corpse_fish":1,"born_in_chaos_v1:diamond_termite":3,"minecraft:zombie_villager":1,"born_in_chaos_v1:baby_skeleton":3,"irons_spellbooks:necromancer":1,"born_in_chaos_v1:decrepit_skeleton":5,"minecraft:sheep":7,"born_in_chaos_v1:zombie_fisherman":3,"minecraft:zombie":19,"iceandfire:ghost":2,"born_in_chaos_v1:dread_hound":1,"born_in_chaos_v1:corpse_fly":13,"born_in_chaos_v1:dark_vortex":1,"born_in_chaos_v1:nightmare_stalker":2,"alexsmobs:fly":2}},"DataVersion":3465}