{"stats":{"minecraft:custom":{"lootr:looted_stat":23,"minecraft:mob_kills":94,"minecraft:interact_with_crafting_table":33,"minecraft:open_barrel":21,"minecraft:damage_dealt_resisted":221,"minecraft:leave_game":4,"minecraft:time_since_death":34937,"minecraft:climb_one_cm":10339,"minecraft:sprint_one_cm":295960,"minecraft:walk_one_cm":350849,"minecraft:drop":84,"minecraft:talked_to_villager":1,"minecraft:play_time":143060,"minecraft:deaths":7,"minecraft:sneak_time":5146,"minecraft:walk_under_water_one_cm":4100,"minecraft:boat_one_cm":172074,"minecraft:jump":1899,"minecraft:walk_on_water_one_cm":22600,"minecraft:total_world_time":143060,"minecraft:interact_with_furnace":53,"minecraft:sleep_in_bed":2,"minecraft:time_since_rest":3190,"minecraft:damage_taken":3695,"minecraft:damage_dealt":17040,"minecraft:swim_one_cm":29373,"minecraft:fly_one_cm":297538,"minecraft:open_chest":41,"minecraft:crouch_one_cm":12769,"minecraft:fall_one_cm":49039},"minecraft:used":{"minecraft:spruce_slab":1,"minecraft:chest":2,"minecraft:cooked_salmon":3,"minecraft:torch":134,"minecraft:dirt":44,"minecraft:tuff":2,"minecraft:spruce_boat":2,"born_in_chaos_v1:corpse_maggot":10,"minecraft:wooden_axe":11,"born_in_chaos_v1:smoked_flesh":8,"minecraft:iron_axe":89,"minecraft:crimson_roots":1,"minecraft:mud_bricks":1,"born_in_chaos_v1:black_argillite_brick":6,"born_in_chaos_v1:nightmare_stalker_skull":5,"supplementaries:ash":2,"minecraft:furnace":5,"minecraft:cooked_cod":8,"minecraft:cobbled_deepslate":30,"minecraft:cooked_mutton":2,"minecraft:water_bucket":3,"minecraft:birch_planks":6,"minecraft:stone_pickaxe":233,"minecraft:wooden_pickaxe":7,"minecraft:birch_boat":1,"minecraft:diamond_axe":29,"minecraft:crafting_table":12,"minecraft:white_bed":2,"minecraft:apple":1,"born_in_chaos_v1:monster_flesh":3,"minecraft:bread":15,"minecraft:iron_pickaxe":354,"minecraft:gravel":4,"minecraft:wooden_sword":2,"minecraft:cobblestone":69,"born_in_chaos_v1:rotten_fish":2,"minecraft:bucket":3,"minecraft:birch_log":2,"minecraft:oak_boat":1,"rpgsmw:iron_battle_axe":27,"minecraft:coarse_dirt":6},"minecraft:broken":{"minecraft:stone_pickaxe":1,"minecraft:iron_pickaxe":1},"minecraft:crafted":{"minecraft:cherry_planks":12,"minecraft:wooden_sword":1,"minecraft:oak_planks":68,"minecraft:birch_boat":1,"minecraft:furnace":4,"minecraft:cooked_mutton":11,"minecraft:iron_axe":2,"minecraft:stone_pickaxe":3,"minecraft:chest":2,"minecraft:spruce_boat":2,"iceandfire:armor_silver_metal_boots":1,"sophisticatedbackpacks:iron_backpack":1,"minecraft:cooked_cod":64,"iceandfire:silver_ingot":17,"minecraft:crafting_table":7,"minecraft:spruce_planks":12,"minecraft:wooden_pickaxe":2,"minecraft:iron_helmet":1,"sophisticatedbackpacks:gold_backpack":1,"minecraft:birch_planks":84,"minecraft:air":0,"minecraft:oak_boat":1,"minecraft:iron_chestplate":1,"minecraft:stick":52,"minecraft:iron_pickaxe":1,"minecraft:iron_ingot":83,"minecraft:wooden_axe":1,"minecraft:iron_leggings":1,"minecraft:white_bed":1,"rpgsmw:iron_battle_axe":1,"minecraft:torch":88},"minecraft:killed_by":{"minecraft:player":1,"born_in_chaos_v1:nightmare_stalker":1,"born_in_chaos_v1:zombie_lumberjack":1,"born_in_chaos_v1:supreme_bonescaller":1},"minecraft:picked_up":{"irons_spellbooks:scroll":2,"minecraft:coarse_dirt":9,"minecraft:crafting_table":6,"born_in_chaos_v1:diamond_termite_shard":4,"minecraft:wooden_pickaxe":1,"minecraft:chain":3,"gravestone:obituary":5,"minecraft:string":3,"minecraft:raw_copper":21,"minecraft:iron_axe":1,"minecraft:experience_bottle":3,"born_in_chaos_v1:black_argillite_brick":9,"minecraft:cobbled_deepslate":384,"minecraft:spruce_planks":8,"rpgsmw:rawmiphrilignot":6,"minecraft:oak_boat":1,"minecraft:iron_nugget":54,"minecraft:spruce_slab":1,"minecraft:sugar_cane":100,"minecraft:birch_sapling":1,"minecraft:mangrove_log":2,"minecraft:iron_boots":1,"minecraft:furnace":2,"minecraft:stick":4,"minecraft:raw_iron":83,"born_in_chaos_v1:shattered_skull":1,"minecraft:torch":27,"sophisticatedbackpacks:backpack":3,"minecraft:spruce_fence":1,"minecraft:dried_kelp":2,"minecraft:cherry_log":3,"born_in_chaos_v1:nightmare_claw":1,"minecraft:cauldron":1,"born_in_chaos_v1:damned_demomans_hat_helmet":1,"minecraft:arrow":4,"minecraft:rotten_flesh":37,"minecraft:gold_ingot":2,"supplementaries:ash":112,"minecraft:mutton":11,"minecraft:white_wool":7,"minecraft:cobblestone":137,"minecraft:birch_log":23,"born_in_chaos_v1:corpse_maggot":17,"minecraft:mud_bricks":1,"born_in_chaos_v1:monster_flesh":2,"minecraft:water_bucket":1,"minecraft:salmon":2,"minecraft:birch_planks":6,"minecraft:flint":1,"minecraft:tuff":2,"supplementaries:flax_seeds":15,"minecraft:gunpowder":2,"minecraft:lapis_lazuli":27,"skilltree:gem":28,"minecraft:dirt":68,"minecraft:lantern":1,"born_in_chaos_v1:nightmare_stalker_skull":5,"born_in_chaos_v1:monster_skin":4,"minecraft:bone":37,"farmersdelight:cooking_pot":2,"minecraft:kelp":1,"minecraft:raw_gold":6,"minecraft:bell":1,"minecraft:iron_ingot":2,"minecraft:stone_pickaxe":3,"minecraft:oak_planks":7,"minecraft:dark_oak_slab":2,"born_in_chaos_v1:ethereal_spirit":5,"minecraft:gravel":16,"born_in_chaos_v1:dark_rod":2,"minecraft:white_bed":1,"minecraft:spruce_log":3,"minecraft:spider_eye":1,"alexsmobs:animal_dictionary":1,"rpgsmw:class_choose_orb":1,"minecraft:slime_ball":5,"minecraft:diamond":3,"rpgsmw:class_remove_orb":1,"minecraft:iron_helmet":3,"minecraft:diamond_axe":1,"minecraft:emerald":41,"alexsmobs:maggot":3,"born_in_chaos_v1:rotten_fish":2,"minecraft:coal":105,"minecraft:crimson_roots":1,"iceandfire:raw_silver":22},"minecraft:mined":{"minecraft:tuff":2,"biomesoplenty:watergrass":2,"minecraft:spruce_planks":7,"minecraft:white_bed":1,"iceandfire:silver_ore":22,"minecraft:deepslate_diamond_ore":3,"born_in_chaos_v1:nightmare_stalker_skull":4,"born_in_chaos_v1:infected_diamond_ore":2,"gravestone:gravestone":7,"minecraft:spruce_fence":1,"minecraft:grass_block":1,"minecraft:crimson_roots":1,"minecraft:mud_bricks":1,"minecraft:spawner":9,"minecraft:furnace":2,"minecraft:iron_ore":73,"minecraft:cobbled_deepslate":1,"minecraft:deepslate_lapis_ore":3,"minecraft:bell":1,"biomesoplenty:high_grass":7,"minecraft:deepslate_iron_ore":10,"minecraft:lantern":1,"irons_spellbooks:firefly_jar":1,"minecraft:stone":102,"minecraft:spruce_slab":1,"minecraft:crafting_table":6,"minecraft:torch":5,"biomesoplenty:high_grass_plant":2,"minecraft:tall_grass":8,"minecraft:cobblestone":21,"minecraft:deepslate_coal_ore":1,"minecraft:lapis_ore":2,"minecraft:oak_planks":7,"minecraft:sugar_cane":51,"minecraft:wall_torch":4,"minecraft:cauldron":1,"minecraft:deepslate_copper_ore":2,"supplementaries:urn":30,"minecraft:birch_planks":6,"minecraft:coarse_dirt":7,"minecraft:dark_oak_slab":1,"minecraft:birch_log":23,"minecraft:spruce_log":3,"minecraft:birch_leaves":5,"born_in_chaos_v1:black_argillite_brick":9,"minecraft:grass":5,"minecraft:coal_ore":86,"minecraft:gravel":8,"minecraft:dirt":32,"minecraft:cobweb":2,"minecraft:deepslate":200,"biomesoplenty:reed":4},"minecraft:dropped":{"minecraft:water_bucket":1,"born_in_chaos_v1:shattered_skull":1,"minecraft:book":2,"minecraft:lantern":1,"minecraft:copper_ingot":5,"minecraft:flint":1,"minecraft:cod":2,"minecraft:stick":5,"born_in_chaos_v1:monster_flesh":1,"irons_spellbooks:scroll":1,"minecraft:dirt":9,"farmersdelight:cooking_pot":1,"minecraft:wooden_axe":1,"skilltree:gem":8,"minecraft:dried_kelp":3,"minecraft:chain":3,"gravestone:obituary":7,"minecraft:wooden_sword":1,"born_in_chaos_v1:black_argillite_brick":3,"minecraft:fishing_rod":1,"minecraft:gravel":9,"minecraft:furnace":1,"minecraft:kelp":2,"alexsmobs:maggot":3,"minecraft:iron_nugget":18,"minecraft:coarse_dirt":3,"alexsmobs:animal_dictionary":1,"minecraft:cobbled_deepslate":58,"minecraft:raw_copper":14,"minecraft:birch_sapling":1,"minecraft:rotten_flesh":2,"minecraft:oak_planks":1,"minecraft:salmon":2,"supplementaries:flax_seeds":9,"supplementaries:ash":91,"minecraft:mangrove_log":2,"minecraft:spruce_planks":2,"born_in_chaos_v1:corpse_maggot":3,"born_in_chaos_v1:diamond_termite_shard":1,"minecraft:stone_pickaxe":3,"minecraft:wooden_pickaxe":3},"minecraft:killed":{"born_in_chaos_v1:restless_spirit":4,"born_in_chaos_v1:zombie_lumberjack":4,"minecraft:spider":4,"minecraft:slime":5,"born_in_chaos_v1:zombie_bruiser":1,"born_in_chaos_v1:maggot":14,"minecraft:skeleton":4,"born_in_chaos_v1:diamond_termite":3,"minecraft:zombie_villager":1,"born_in_chaos_v1:baby_skeleton":2,"born_in_chaos_v1:decrepit_skeleton":5,"minecraft:sheep":7,"born_in_chaos_v1:zombie_fisherman":3,"minecraft:zombie":14,"born_in_chaos_v1:dread_hound":1,"born_in_chaos_v1:corpse_fly":13,"born_in_chaos_v1:dark_vortex":1,"born_in_chaos_v1:nightmare_stalker":1,"alexsmobs:fly":2}},"DataVersion":3465}