{"stats":{"minecraft:crafted":{"minecraft:birch_planks":20,"minecraft:crafting_table":1,"minecraft:stick":8,"minecraft:wooden_pickaxe":1,"minecraft:stone_pickaxe":1,"minecraft:wooden_axe":1},"minecraft:killed":{"minecraft:spider":2,"born_in_chaos_v1:restless_spirit":1,"born_in_chaos_v1:baby_skeleton":1},"minecraft:picked_up":{"minecraft:birch_log":5,"minecraft:crafting_table":1,"minecraft:bone":1,"born_in_chaos_v1:ethereal_spirit":2,"minecraft:spider_eye":1,"minecraft:cobblestone":3},"minecraft:custom":{"minecraft:open_barrel":6,"minecraft:time_since_rest":4354,"lootr:looted_stat":3,"minecraft:crouch_one_cm":477,"minecraft:play_time":4354,"minecraft:sprint_one_cm":6024,"minecraft:walk_one_cm":10913,"minecraft:sneak_time":199,"minecraft:mob_kills":4,"minecraft:jump":17,"minecraft:damage_dealt":880,"minecraft:time_since_death":4354,"minecraft:total_world_time":4354,"minecraft:fall_one_cm":209,"minecraft:interact_with_crafting_table":5,"minecraft:fly_one_cm":2468},"minecraft:used":{"minecraft:wooden_axe":11,"minecraft:crafting_table":1,"minecraft:iron_axe":6,"minecraft:stone_pickaxe":2,"minecraft:wooden_pickaxe":4},"minecraft:mined":{"minecraft:birch_log":5,"minecraft:stone":3,"minecraft:birch_leaves":2,"minecraft:spawner":1,"minecraft:crafting_table":1}},"DataVersion":3465}