{"stats":{"minecraft:custom":{"lootr:looted_stat":7,"minecraft:interact_with_furnace":5,"minecraft:mob_kills":8,"minecraft:interact_with_crafting_table":8,"minecraft:open_barrel":11,"minecraft:damage_dealt_resisted":859,"minecraft:leave_game":1,"minecraft:time_since_death":21843,"minecraft:time_since_rest":21872,"minecraft:sprint_one_cm":42831,"minecraft:damage_taken":924,"minecraft:walk_one_cm":35387,"minecraft:damage_blocked_by_shield":230,"minecraft:drop":4,"minecraft:damage_dealt":1517,"minecraft:swim_one_cm":1340,"minecraft:fly_one_cm":64955,"minecraft:crouch_one_cm":4462,"minecraft:play_time":28553,"minecraft:deaths":1,"minecraft:sneak_time":2434,"minecraft:walk_under_water_one_cm":547,"minecraft:jump":423,"minecraft:walk_on_water_one_cm":1165,"minecraft:total_world_time":28553,"minecraft:fall_one_cm":12658},"minecraft:used":{"minecraft:stone_pickaxe":120,"minecraft:wooden_pickaxe":12,"minecraft:shield":3,"minecraft:rotten_flesh":3,"minecraft:iron_chestplate":1,"minecraft:torch":10,"minecraft:dirt":17,"minecraft:crafting_table":4,"born_in_chaos_v1:smoked_flesh":5,"minecraft:bread":8,"minecraft:iron_boots":1,"minecraft:stone_axe":8,"minecraft:wooden_sword":41,"minecraft:furnace":1,"minecraft:andesite":8,"alexsmobs:animal_dictionary":2},"minecraft:crafted":{"minecraft:wooden_sword":1,"minecraft:oak_planks":8,"minecraft:crafting_table":2,"minecraft:wooden_pickaxe":1,"minecraft:furnace":1,"minecraft:birch_planks":16,"minecraft:stone_axe":1,"minecraft:air":0,"minecraft:iron_chestplate":1,"minecraft:iron_boots":1,"minecraft:shield":1,"minecraft:stick":8,"minecraft:iron_ingot":9,"minecraft:stone_pickaxe":1,"minecraft:torch":4},"minecraft:killed_by":{"minecraft:creeper":1},"minecraft:picked_up":{"minecraft:birch_log":4,"born_in_chaos_v1:corpse_maggot":4,"minecraft:crafting_table":3,"minecraft:andesite":8,"minecraft:oak_log":2,"skilltree:gem":3,"minecraft:dirt":63,"minecraft:string":1,"minecraft:furnace":1,"minecraft:book":6,"minecraft:raw_iron":26,"minecraft:torch":6,"minecraft:arrow":1,"minecraft:rotten_flesh":4,"minecraft:coal":18,"iceandfire:raw_silver":2,"minecraft:cobblestone":77},"minecraft:mined":{"iceandfire:silver_ore":2,"minecraft:crafting_table":3,"minecraft:torch":2,"gravestone:gravestone":1,"minecraft:grass_block":1,"minecraft:wall_torch":4,"minecraft:furnace":1,"minecraft:birch_log":4,"minecraft:iron_ore":26,"minecraft:andesite":6,"minecraft:grass":1,"minecraft:bookshelf":2,"minecraft:coal_ore":4,"minecraft:dirt":14,"minecraft:stone":78},"minecraft:dropped":{"minecraft:birch_planks":1,"minecraft:brown_mushroom":12,"minecraft:wooden_sword":1,"minecraft:wooden_pickaxe":1},"minecraft:killed":{"minecraft:spider":1,"minecraft:creeper":1,"born_in_chaos_v1:zombie_bruiser":1,"minecraft:zombie":1,"born_in_chaos_v1:corpse_fly":3,"minecraft:stray":1}},"DataVersion":3465}