{"stats":{"minecraft:custom":{"minecraft:time_since_rest":9263,"lootr:looted_stat":5,"minecraft:sprint_one_cm":25493,"minecraft:damage_taken":800,"minecraft:walk_one_cm":20039,"minecraft:mob_kills":6,"minecraft:drop":4,"minecraft:damage_dealt":1129,"minecraft:interact_with_crafting_table":4,"minecraft:fly_one_cm":45401,"minecraft:open_barrel":9,"minecraft:crouch_one_cm":1805,"minecraft:play_time":15944,"minecraft:deaths":1,"minecraft:sneak_time":1122,"minecraft:walk_under_water_one_cm":326,"minecraft:jump":241,"minecraft:damage_dealt_resisted":859,"minecraft:leave_game":1,"minecraft:walk_on_water_one_cm":459,"minecraft:time_since_death":9234,"minecraft:total_world_time":15944,"minecraft:fall_one_cm":8937},"minecraft:used":{"born_in_chaos_v1:smoked_flesh":2,"minecraft:bread":6,"minecraft:stone_pickaxe":15,"minecraft:wooden_pickaxe":12,"minecraft:rotten_flesh":3,"minecraft:stone_axe":1,"minecraft:torch":5,"minecraft:wooden_sword":41,"minecraft:dirt":9,"minecraft:crafting_table":3,"alexsmobs:animal_dictionary":2},"minecraft:crafted":{"minecraft:wooden_sword":1,"minecraft:oak_planks":8,"minecraft:crafting_table":2,"minecraft:stick":8,"minecraft:stone_pickaxe":1,"minecraft:wooden_pickaxe":1,"minecraft:birch_planks":16,"minecraft:stone_axe":1},"minecraft:killed_by":{"minecraft:creeper":1},"minecraft:picked_up":{"minecraft:birch_log":4,"born_in_chaos_v1:corpse_maggot":4,"minecraft:crafting_table":2,"minecraft:torch":5,"minecraft:oak_log":2,"minecraft:dirt":39,"minecraft:string":1,"minecraft:rotten_flesh":3,"minecraft:coal":4,"minecraft:cobblestone":20},"minecraft:mined":{"minecraft:birch_log":4,"minecraft:crafting_table":2,"minecraft:torch":2,"gravestone:gravestone":1,"minecraft:coal_ore":4,"minecraft:grass":1,"minecraft:grass_block":1,"minecraft:dirt":1,"minecraft:stone":20,"minecraft:wall_torch":3},"minecraft:dropped":{"minecraft:brown_mushroom":12,"minecraft:birch_planks":1,"minecraft:wooden_sword":1,"minecraft:wooden_pickaxe":1},"minecraft:killed":{"born_in_chaos_v1:corpse_fly":3,"minecraft:spider":1,"minecraft:creeper":1,"born_in_chaos_v1:zombie_bruiser":1}},"DataVersion":3465}