{"stats":{"minecraft:custom":{"lootr:looted_stat":7,"minecraft:interact_with_furnace":5,"minecraft:mob_kills":22,"minecraft:interact_with_crafting_table":9,"minecraft:open_barrel":20,"minecraft:damage_dealt_resisted":859,"minecraft:leave_game":1,"minecraft:time_since_death":27843,"minecraft:time_since_rest":27872,"minecraft:sprint_one_cm":58128,"minecraft:damage_taken":1212,"minecraft:walk_one_cm":47585,"minecraft:damage_blocked_by_shield":730,"minecraft:drop":5,"minecraft:damage_dealt":3108,"minecraft:swim_one_cm":1340,"minecraft:fly_one_cm":97776,"minecraft:crouch_one_cm":4969,"minecraft:play_time":34553,"minecraft:deaths":1,"minecraft:sneak_time":2592,"minecraft:walk_under_water_one_cm":547,"minecraft:jump":569,"minecraft:walk_on_water_one_cm":3226,"minecraft:total_world_time":34553,"minecraft:fall_one_cm":15435},"minecraft:used":{"minecraft:stone_pickaxe":120,"minecraft:wooden_pickaxe":12,"minecraft:shield":18,"minecraft:rotten_flesh":3,"minecraft:iron_chestplate":1,"minecraft:torch":10,"minecraft:dirt":18,"minecraft:crafting_table":5,"born_in_chaos_v1:smoked_flesh":7,"minecraft:bread":11,"minecraft:iron_boots":1,"minecraft:stone_axe":65,"minecraft:wooden_sword":41,"minecraft:furnace":1,"minecraft:andesite":8,"alexsmobs:animal_dictionary":2},"minecraft:crafted":{"minecraft:wooden_sword":1,"minecraft:oak_planks":8,"sophisticatedbackpacks:backpack":1,"minecraft:crafting_table":2,"biomesoplenty:redwood_planks":16,"minecraft:wooden_pickaxe":1,"minecraft:furnace":1,"minecraft:birch_planks":16,"minecraft:stone_axe":1,"minecraft:air":0,"minecraft:iron_chestplate":1,"minecraft:iron_boots":1,"minecraft:shield":1,"minecraft:stick":8,"minecraft:iron_ingot":9,"minecraft:stone_pickaxe":1,"minecraft:chest":1,"minecraft:torch":4},"minecraft:killed_by":{"minecraft:creeper":1},"minecraft:picked_up":{"minecraft:birch_log":4,"born_in_chaos_v1:corpse_maggot":4,"minecraft:crafting_table":4,"minecraft:feather":1,"minecraft:andesite":8,"minecraft:leather":2,"minecraft:oak_log":2,"skilltree:gem":3,"minecraft:dirt":63,"minecraft:string":1,"minecraft:bone":4,"minecraft:beef":6,"biomesoplenty:redwood_wood":29,"minecraft:sugar_cane":8,"minecraft:furnace":1,"minecraft:book":18,"minecraft:raw_iron":26,"born_in_chaos_v1:phantom_powder":2,"minecraft:torch":6,"minecraft:spider_eye":1,"minecraft:arrow":1,"minecraft:rotten_flesh":4,"minecraft:bone_meal":2,"born_in_chaos_v1:rotten_fish":2,"minecraft:mutton":4,"minecraft:white_wool":3,"minecraft:coal":18,"iceandfire:raw_silver":2,"minecraft:cobblestone":77},"minecraft:mined":{"iceandfire:silver_ore":2,"minecraft:crafting_table":4,"minecraft:torch":2,"gravestone:gravestone":1,"minecraft:grass_block":1,"minecraft:sugar_cane":3,"minecraft:wall_torch":4,"minecraft:furnace":1,"minecraft:birch_log":4,"minecraft:iron_ore":26,"minecraft:andesite":6,"minecraft:grass":1,"biomesoplenty:clover":6,"minecraft:bookshelf":6,"minecraft:coal_ore":4,"minecraft:dirt":14,"minecraft:stone":78,"biomesoplenty:redwood_wood":29,"minecraft:fern":1},"minecraft:dropped":{"minecraft:birch_planks":1,"minecraft:brown_mushroom":12,"biomesoplenty:redwood_planks":8,"minecraft:wooden_sword":1,"minecraft:wooden_pickaxe":1},"minecraft:killed":{"minecraft:cave_spider":1,"born_in_chaos_v1:baby_skeleton":2,"minecraft:spider":1,"minecraft:creeper":1,"born_in_chaos_v1:zombie_bruiser":1,"minecraft:sheep":3,"minecraft:skeleton":1,"minecraft:zombie":1,"born_in_chaos_v1:corpse_fly":3,"minecraft:stray":1,"alexsmobs:crow":1,"born_in_chaos_v1:corpse_fish":4,"minecraft:cow":2}},"DataVersion":3465}