{"stats":{"minecraft:custom":{"lootr:looted_stat":7,"minecraft:interact_with_furnace":25,"minecraft:mob_kills":27,"minecraft:interact_with_crafting_table":22,"minecraft:open_barrel":20,"minecraft:damage_dealt_resisted":859,"minecraft:leave_game":1,"minecraft:time_since_death":23209,"minecraft:sleep_in_bed":1,"minecraft:time_since_rest":7918,"minecraft:sprint_one_cm":91678,"minecraft:damage_taken":1941,"minecraft:walk_one_cm":72435,"minecraft:damage_blocked_by_shield":1835,"minecraft:drop":15,"minecraft:damage_dealt":4103,"minecraft:swim_one_cm":26765,"minecraft:fly_one_cm":177837,"minecraft:crouch_one_cm":9858,"minecraft:play_time":64553,"minecraft:deaths":3,"minecraft:sneak_time":4561,"minecraft:walk_under_water_one_cm":7969,"minecraft:jump":981,"minecraft:walk_on_water_one_cm":12567,"minecraft:total_world_time":64553,"minecraft:fall_one_cm":23664},"minecraft:used":{"minecraft:stone_pickaxe":127,"minecraft:wooden_pickaxe":12,"minecraft:shield":44,"minecraft:rotten_flesh":3,"minecraft:iron_chestplate":1,"minecraft:torch":10,"minecraft:dirt":18,"minecraft:crafting_table":8,"minecraft:white_bed":2,"born_in_chaos_v1:smoked_flesh":13,"minecraft:iron_axe":1,"minecraft:bread":11,"minecraft:iron_pickaxe":207,"minecraft:iron_helmet":1,"minecraft:iron_boots":1,"biomesoplenty:jacaranda_log":1,"minecraft:stone_axe":80,"minecraft:wooden_sword":46,"minecraft:cobblestone":3,"minecraft:beef":3,"minecraft:furnace":3,"minecraft:andesite":8,"alexsmobs:animal_dictionary":2,"minecraft:iron_leggings":1,"minecraft:cooked_beef":2},"minecraft:broken":{"minecraft:stone_axe":1},"minecraft:crafted":{"minecraft:cooked_beef":3,"minecraft:wooden_sword":2,"minecraft:oak_planks":52,"sophisticatedbackpacks:backpack":1,"biomesoplenty:jacaranda_planks":12,"minecraft:crafting_table":3,"minecraft:iron_helmet":1,"biomesoplenty:redwood_planks":16,"minecraft:wooden_pickaxe":1,"minecraft:furnace":1,"minecraft:birch_planks":16,"minecraft:stone_axe":1,"sophisticatedbackpacks:upgrade_base":1,"minecraft:air":0,"minecraft:iron_chestplate":1,"minecraft:iron_boots":1,"minecraft:gold_ingot":3,"minecraft:shield":1,"minecraft:iron_axe":1,"minecraft:iron_leggings":1,"minecraft:stick":12,"minecraft:iron_pickaxe":1,"minecraft:iron_ingot":54,"minecraft:stone_pickaxe":1,"minecraft:white_bed":1,"minecraft:chest":1,"minecraft:torch":4,"sophisticatedbackpacks:iron_backpack":1},"minecraft:killed_by":{"irons_spellbooks:necromancer":1,"minecraft:creeper":1},"minecraft:picked_up":{"biomesoplenty:lavender":2,"minecraft:birch_log":4,"born_in_chaos_v1:corpse_maggot":4,"minecraft:crafting_table":5,"minecraft:feather":1,"minecraft:andesite":8,"minecraft:leather":4,"minecraft:oak_log":13,"skilltree:gem":14,"minecraft:dirt":80,"minecraft:string":2,"minecraft:raw_copper":3,"minecraft:bone":4,"minecraft:wheat_seeds":1,"minecraft:cobbled_deepslate":14,"minecraft:raw_gold":4,"minecraft:beef":11,"biomesoplenty:redwood_wood":29,"minecraft:sugar_cane":24,"minecraft:furnace":2,"minecraft:book":18,"minecraft:stick":2,"minecraft:raw_iron":60,"born_in_chaos_v1:phantom_powder":2,"minecraft:torch":6,"minecraft:white_bed":1,"minecraft:spider_eye":1,"biomesoplenty:flowering_oak_sapling":1,"minecraft:arrow":1,"minecraft:rotten_flesh":4,"biomesoplenty:jacaranda_log":4,"minecraft:bone_meal":3,"minecraft:oak_sapling":2,"born_in_chaos_v1:rotten_fish":3,"minecraft:mutton":4,"minecraft:white_wool":3,"minecraft:coal":40,"iceandfire:raw_silver":2,"minecraft:cobblestone":214},"minecraft:dropped":{"minecraft:wheat_seeds":1,"minecraft:birch_planks":1,"minecraft:brown_mushroom":12,"biomesoplenty:lavender":2,"biomesoplenty:redwood_planks":8,"skilltree:gem":2,"biomesoplenty:flowering_oak_sapling":1,"minecraft:oak_sapling":2,"minecraft:bone_meal":1,"gravestone:obituary":3,"minecraft:wooden_sword":1,"minecraft:wooden_pickaxe":1},"minecraft:mined":{"minecraft:white_bed":1,"iceandfire:silver_ore":2,"minecraft:crafting_table":5,"minecraft:torch":2,"gravestone:gravestone":3,"minecraft:grass_block":1,"minecraft:cobblestone":1,"minecraft:copper_ore":1,"minecraft:deepslate_gold_ore":2,"biomesoplenty:huge_clover_petal":4,"minecraft:sugar_cane":13,"minecraft:wall_torch":4,"biomesoplenty:jacaranda_log":2,"minecraft:furnace":2,"minecraft:birch_log":4,"minecraft:iron_ore":57,"biomesoplenty:lavender":2,"minecraft:deepslate_iron_ore":3,"minecraft:andesite":6,"minecraft:grass":4,"biomesoplenty:clover":17,"minecraft:bookshelf":6,"minecraft:coal_ore":20,"minecraft:dirt":21,"minecraft:gold_ore":2,"minecraft:stone":214,"minecraft:deepslate":14,"biomesoplenty:redwood_wood":29,"minecraft:fern":2},"minecraft:killed":{"minecraft:cave_spider":1,"born_in_chaos_v1:baby_skeleton":2,"minecraft:spider":2,"minecraft:creeper":1,"born_in_chaos_v1:zombie_bruiser":1,"minecraft:sheep":3,"minecraft:skeleton":1,"minecraft:zombie":1,"born_in_chaos_v1:corpse_fly":3,"minecraft:stray":1,"alexsmobs:crow":1,"born_in_chaos_v1:corpse_fish":6,"minecraft:cow":4}},"DataVersion":3465}