{"stats":{"minecraft:crafted":{"iceandfire:silver_axe":1,"minecraft:wooden_sword":1,"iceandfire:silver_ingot":11,"minecraft:crafting_table":1,"minecraft:wooden_pickaxe":1,"minecraft:furnace":1,"minecraft:birch_planks":72,"minecraft:stone_axe":1,"minecraft:air":0,"minecraft:iron_chestplate":1,"minecraft:shield":1,"minecraft:stick":20,"minecraft:iron_ingot":16,"minecraft:iron_pickaxe":1,"minecraft:stone_pickaxe":1,"minecraft:stone_sword":1,"iceandfire:armor_silver_metal_boots":1,"iceandfire:silver_sword":1},"minecraft:killed_by":{"irons_spellbooks:summoned_skeleton":1},"minecraft:killed":{"born_in_chaos_v1:zombie_clown":1,"minecraft:cave_spider":1,"born_in_chaos_v1:restless_spirit":2,"minecraft:spider":5,"born_in_chaos_v1:zombie_bruiser":1,"born_in_chaos_v1:decrepit_skeleton":1,"born_in_chaos_v1:maggot":9,"minecraft:skeleton":2,"mowziesmobs:lantern":2,"minecraft:zombie":10,"born_in_chaos_v1:dark_vortex":1,"born_in_chaos_v1:door_knight":1,"minecraft:cow":3},"minecraft:dropped":{"minecraft:stone_axe":1,"minecraft:wheat_seeds":16,"minecraft:dark_oak_sapling":6,"minecraft:birch_sapling":2,"minecraft:pumpkin_seeds":4,"minecraft:lily_of_the_valley":1,"supplementaries:ash":2,"born_in_chaos_v1:corpse_maggot":1,"minecraft:oak_sapling":3,"minecraft:chain":1,"minecraft:wooden_sword":1,"minecraft:stone_pickaxe":1,"minecraft:wooden_pickaxe":1,"minecraft:string":27},"minecraft:custom":{"minecraft:interact_with_furnace":8,"lootr:looted_stat":5,"minecraft:mob_kills":43,"minecraft:interact_with_crafting_table":13,"minecraft:open_barrel":13,"goblintraders:trade_with_goblin":5,"minecraft:damage_dealt_resisted":691,"minecraft:leave_game":1,"minecraft:time_since_death":36486,"minecraft:time_since_rest":36508,"minecraft:sprint_one_cm":128312,"minecraft:damage_taken":947,"minecraft:walk_one_cm":94935,"minecraft:damage_blocked_by_shield":740,"minecraft:drop":16,"minecraft:damage_dealt":7057,"minecraft:swim_one_cm":7041,"minecraft:fly_one_cm":194400,"minecraft:open_chest":2,"minecraft:crouch_one_cm":2020,"minecraft:play_time":41102,"minecraft:deaths":1,"minecraft:sneak_time":820,"minecraft:walk_under_water_one_cm":4884,"minecraft:jump":931,"minecraft:walk_on_water_one_cm":8457,"minecraft:total_world_time":41102,"minecraft:fall_one_cm":28106},"minecraft:picked_up":{"minecraft:birch_log":18,"born_in_chaos_v1:corpse_maggot":1,"minecraft:crafting_table":1,"minecraft:andesite":15,"minecraft:leather":2,"mowziesmobs:glowing_jelly":3,"minecraft:chain":2,"skilltree:gem":1,"minecraft:dirt":3,"minecraft:string":29,"minecraft:bone":1,"minecraft:apple":2,"minecraft:beef":7,"born_in_chaos_v1:stimulating_decoction":1,"minecraft:sugar_cane":8,"minecraft:birch_sapling":2,"minecraft:dark_oak_sapling":6,"minecraft:stick":7,"minecraft:raw_iron":24,"minecraft:white_bed":1,"minecraft:lily_of_the_valley":1,"minecraft:dark_oak_log":93,"iceandfire:silver_ingot":2,"minecraft:rotten_flesh":27,"minecraft:stone_axe":1,"minecraft:emerald":2,"minecraft:bread":8,"supplementaries:ash":2,"minecraft:oak_sapling":3,"born_in_chaos_v1:trident_hayfork":1,"minecraft:coal":6,"iceandfire:raw_silver":19,"minecraft:cobblestone":24},"minecraft:used":{"born_in_chaos_v1:trident_hayfork":40,"minecraft:stone_sword":19,"iceandfire:silver_sword":52,"minecraft:stone_pickaxe":31,"minecraft:shield":23,"minecraft:wooden_pickaxe":21,"minecraft:rotten_flesh":2,"minecraft:dirt":3,"minecraft:crafting_table":2,"minecraft:carrot":7,"minecraft:bread":8,"minecraft:iron_pickaxe":38,"minecraft:stone_axe":12,"minecraft:wooden_sword":15,"minecraft:cobblestone":5,"minecraft:beef":7,"minecraft:furnace":1,"alexsmobs:animal_dictionary":1},"minecraft:mined":{"minecraft:white_bed":1,"iceandfire:silver_ore":19,"minecraft:crafting_table":1,"gravestone:gravestone":1,"minecraft:grass_block":2,"minecraft:chest":1,"minecraft:sugar_cane":6,"minecraft:birch_log":6,"minecraft:iron_ore":24,"minecraft:andesite":16,"minecraft:birch_leaves":1,"minecraft:coal_ore":6,"minecraft:dirt":1,"minecraft:stone":24,"biomesoplenty:spider_egg":1}},"DataVersion":3465}