{"stats":{"minecraft:crafted":{"minecraft:wooden_sword":1,"minecraft:crafting_table":1,"minecraft:stick":20,"minecraft:wooden_pickaxe":1,"minecraft:stone_pickaxe":1,"minecraft:stone_sword":1,"minecraft:birch_planks":24,"minecraft:stone_axe":1},"minecraft:killed_by":{"irons_spellbooks:summoned_skeleton":1},"minecraft:killed":{"mowziesmobs:lantern":2,"born_in_chaos_v1:zombie_clown":1,"minecraft:cave_spider":1,"minecraft:zombie":5,"minecraft:spider":1,"minecraft:cow":3},"minecraft:dropped":{"supplementaries:ash":1,"minecraft:dark_oak_sapling":6,"minecraft:birch_sapling":2,"minecraft:wooden_sword":1,"minecraft:wooden_pickaxe":1,"minecraft:pumpkin_seeds":1,"minecraft:lily_of_the_valley":1},"minecraft:picked_up":{"minecraft:birch_log":18,"minecraft:dark_oak_sapling":6,"minecraft:stick":7,"minecraft:crafting_table":1,"minecraft:leather":2,"mowziesmobs:glowing_jelly":3,"minecraft:white_bed":1,"minecraft:lily_of_the_valley":1,"minecraft:string":1,"minecraft:dark_oak_log":93,"minecraft:dirt":3,"minecraft:rotten_flesh":8,"minecraft:apple":2,"minecraft:beef":7,"minecraft:bread":8,"minecraft:emerald":2,"supplementaries:ash":2,"minecraft:oak_sapling":3,"born_in_chaos_v1:stimulating_decoction":1,"minecraft:birch_sapling":2,"minecraft:coal":5,"iceandfire:raw_silver":4,"minecraft:cobblestone":23},"minecraft:custom":{"minecraft:time_since_rest":12508,"lootr:looted_stat":5,"minecraft:sprint_one_cm":41874,"minecraft:walk_one_cm":44533,"minecraft:damage_taken":488,"minecraft:mob_kills":15,"minecraft:drop":7,"minecraft:damage_dealt":2120,"minecraft:interact_with_crafting_table":5,"minecraft:fly_one_cm":52062,"minecraft:open_barrel":13,"minecraft:open_chest":2,"minecraft:crouch_one_cm":1601,"minecraft:play_time":17102,"minecraft:deaths":1,"minecraft:sneak_time":665,"minecraft:jump":321,"minecraft:leave_game":1,"minecraft:walk_on_water_one_cm":2425,"minecraft:time_since_death":12486,"minecraft:total_world_time":17102,"minecraft:fall_one_cm":12027},"minecraft:used":{"minecraft:stone_sword":19,"minecraft:stone_pickaxe":12,"minecraft:wooden_pickaxe":21,"minecraft:stone_axe":10,"minecraft:wooden_sword":15,"minecraft:dirt":3,"minecraft:cobblestone":4,"minecraft:beef":4,"minecraft:crafting_table":1,"minecraft:carrot":3},"minecraft:mined":{"minecraft:white_bed":1,"iceandfire:silver_ore":4,"minecraft:birch_log":6,"minecraft:birch_leaves":1,"minecraft:crafting_table":1,"gravestone:gravestone":1,"minecraft:grass_block":2,"minecraft:coal_ore":5,"minecraft:chest":1,"minecraft:dirt":1,"biomesoplenty:spider_egg":1,"minecraft:stone":23}},"DataVersion":3465}