{"stats":{"minecraft:killed_by":{"irons_spellbooks:summoned_skeleton":1},"minecraft:killed":{"minecraft:zombie":2},"minecraft:dropped":{"minecraft:pumpkin_seeds":1},"minecraft:custom":{"minecraft:time_since_rest":508,"minecraft:damage_dealt":393,"minecraft:damage_taken":323,"minecraft:leave_game":1,"minecraft:crouch_one_cm":375,"minecraft:play_time":5102,"lootr:looted_stat":5,"minecraft:sprint_one_cm":6358,"minecraft:time_since_death":486,"minecraft:walk_one_cm":17013,"minecraft:deaths":1,"minecraft:sneak_time":87,"minecraft:total_world_time":5102,"minecraft:mob_kills":2,"minecraft:fall_one_cm":5148,"minecraft:drop":1,"minecraft:fly_one_cm":8610,"minecraft:jump":82,"minecraft:open_barrel":13},"minecraft:used":{"minecraft:carrot":3}},"DataVersion":3465}