{"stats":{"minecraft:crafted":{"minecraft:diamond":27,"minecraft:diamond_sword":1,"minecraft:diamond_helmet":1,"minecraft:diamond_leggings":1,"minecraft:diamond_pickaxe":1,"minecraft:diamond_axe":1,"minecraft:crafting_table":1,"minecraft:stick":8,"minecraft:wooden_pickaxe":1,"minecraft:diamond_boots":1,"minecraft:birch_planks":48,"minecraft:diamond_chestplate":2},"minecraft:mined":{"minecraft:birch_log":12,"minecraft:black_terracotta":1,"minecraft:birch_leaves":1,"minecraft:crafting_table":2,"minecraft:dirt":1,"minecraft:cobblestone":1},"minecraft:used":{"minecraft:black_terracotta":1,"born_in_chaos_v1:smoked_flesh":1,"minecraft:birch_planks":32,"minecraft:wooden_pickaxe":11,"minecraft:diamond_axe":1,"minecraft:dirt":1,"minecraft:crafting_table":2,"minecraft:diamond_helmet":1},"minecraft:picked_up":{"minecraft:birch_log":12,"minecraft:crafting_table":2,"minecraft:black_terracotta":1,"minecraft:dirt":1,"minecraft:birch_sapling":2,"minecraft:cobblestone":1},"minecraft:killed":{"minecraft:zombie":1},"minecraft:custom":{"minecraft:time_since_rest":13369,"minecraft:sprint_one_cm":10248,"lootr:looted_stat":6,"minecraft:damage_taken":120,"minecraft:walk_one_cm":29842,"minecraft:mob_kills":1,"minecraft:damage_dealt":269,"minecraft:interact_with_crafting_table":4,"minecraft:fly_one_cm":5751,"minecraft:open_barrel":5,"minecraft:crouch_one_cm":2331,"minecraft:play_time":13369,"minecraft:sneak_time":1467,"minecraft:jump":84,"minecraft:time_since_death":13369,"minecraft:total_world_time":13369,"minecraft:fall_one_cm":822}},"DataVersion":3465}