{"stats":{"minecraft:custom":{"lootr:looted_stat":10,"minecraft:mob_kills":6,"minecraft:interact_with_crafting_table":8,"minecraft:open_barrel":9,"minecraft:leave_game":1,"minecraft:time_since_death":78,"minecraft:climb_one_cm":282,"minecraft:time_since_rest":105,"minecraft:sprint_one_cm":83705,"minecraft:damage_taken":2306,"minecraft:walk_one_cm":99341,"minecraft:drop":5,"minecraft:damage_dealt":1570,"minecraft:fly_one_cm":137781,"minecraft:crouch_one_cm":523,"minecraft:play_time":25873,"minecraft:deaths":6,"minecraft:sneak_time":451,"minecraft:walk_under_water_one_cm":491,"minecraft:jump":583,"minecraft:walk_on_water_one_cm":4562,"minecraft:total_world_time":25873,"minecraft:fall_one_cm":25195,"minecraft:inspect_dispenser":1},"minecraft:used":{"minecraft:stone_sword":7,"minecraft:birch_planks":102,"minecraft:wooden_pickaxe":14,"minecraft:iron_sword":7,"minecraft:rotten_flesh":1,"minecraft:crafting_table":4,"minecraft:apple":1,"minecraft:iron_axe":17,"minecraft:bread":7,"minecraft:iron_pickaxe":11,"minecraft:stone_axe":25,"minecraft:cobblestone":1,"alexsmobs:animal_dictionary":2},"minecraft:crafted":{"minecraft:crafting_table":3,"minecraft:spruce_planks":20,"minecraft:wooden_pickaxe":1,"minecraft:birch_planks":392,"minecraft:stone_axe":2,"minecraft:bread":2,"minecraft:iron_axe":1,"minecraft:stick":16,"minecraft:iron_pickaxe":1,"minecraft:stone_pickaxe":1,"minecraft:wooden_axe":1,"minecraft:stone_sword":1},"minecraft:killed_by":{"born_in_chaos_v1:nightmare_stalker":1,"minecraft:skeleton":2,"minecraft:creeper":1,"born_in_chaos_v1:dread_hound":1},"minecraft:picked_up":{"minecraft:birch_log":149,"biomesoplenty:redwood_log":3,"minecraft:birch_leaves":3,"minecraft:crafting_table":4,"born_in_chaos_v1:monster_flesh":1,"minecraft:birch_planks":10,"minecraft:iron_axe":1,"born_in_chaos_v1:monster_skin":1,"minecraft:bone":5,"minecraft:apple":2,"minecraft:gray_carpet":1,"minecraft:cobbled_deepslate":7,"minecraft:birch_sapling":23,"minecraft:book":4,"minecraft:stick":17,"minecraft:stripped_spruce_log":5,"minecraft:dark_oak_planks":3,"minecraft:arrow":1,"minecraft:weeping_vines":1,"biomesoplenty:jacaranda_log":1,"minecraft:cut_copper":1,"minecraft:golden_apple":1,"minecraft:cobblestone":17},"minecraft:dropped":{"minecraft:coal":11,"gravestone:obituary":4},"minecraft:mined":{"minecraft:dark_oak_planks":1,"minecraft:crafting_table":3,"minecraft:cave_vines_plant":1,"gravestone:gravestone":5,"minecraft:cobblestone":3,"minecraft:weeping_vines_plant":1,"minecraft:birch_planks":10,"biomesoplenty:jacaranda_log":1,"minecraft:birch_log":15,"minecraft:birch_leaves":1,"minecraft:stripped_spruce_log":5,"minecraft:grass":3,"biomesoplenty:redwood_log":3,"minecraft:stripped_jungle_log":1,"minecraft:cut_copper":1,"minecraft:stone":14,"minecraft:deepslate":7,"minecraft:fern":1},"minecraft:killed":{"born_in_chaos_v1:baby_skeleton":2,"alexsmobs:tasmanian_devil":1,"minecraft:creeper":1,"minecraft:skeleton":1,"born_in_chaos_v1:dread_hound":1}},"DataVersion":3465}